RT,expName,currWordCategory,currWordNumber,currImageCategory,currImageNumber,pressedKeyNum,pressedKeyName,error,currTrial,fileName,sid,CongruentOrNot,trimData,outlier,
870.5415,Experiment4Metamer_ResponseGroup2.m,1,10,2,20,19,p,0,13,Data_4_2_20141021T134434.mat,5,2,870.5415,0,
1122.4024,Experiment4Metamer_ResponseGroup2.m,1,16,2,13,19,p,0,14,Data_4_2_20141021T134434.mat,5,2,1122.4024,0,
1081.8041,Experiment4Metamer_ResponseGroup2.m,2,2,1,11,20,q,0,15,Data_4_2_20141021T134434.mat,5,2,1081.8041,0,
847.1372,Experiment4Metamer_ResponseGroup2.m,1,1,1,19,19,p,0,16,Data_4_2_20141021T134434.mat,5,1,847.1372,0,
1132.7197,Experiment4Metamer_ResponseGroup2.m,2,4,2,11,20,q,0,17,Data_4_2_20141021T134434.mat,5,1,1132.7197,0,
1029.3629,Experiment4Metamer_ResponseGroup2.m,2,10,2,12,20,q,0,18,Data_4_2_20141021T134434.mat,5,1,1029.3629,0,
874.5733,Experiment4Metamer_ResponseGroup2.m,1,8,1,2,19,p,0,19,Data_4_2_20141021T134434.mat,5,1,874.5733,0,
1283.6405,Experiment4Metamer_ResponseGroup2.m,2,9,2,3,20,q,0,20,Data_4_2_20141021T134434.mat,5,1,1283.6405,0,
1172.6994,Experiment4Metamer_ResponseGroup2.m,2,10,1,12,20,q,0,21,Data_4_2_20141021T134434.mat,5,2,1172.6994,0,
916.9836,Experiment4Metamer_ResponseGroup2.m,2,9,2,8,20,q,0,22,Data_4_2_20141021T134434.mat,5,1,916.9836,0,
1164.2444,Experiment4Metamer_ResponseGroup2.m,1,8,1,20,19,p,0,23,Data_4_2_20141021T134434.mat,5,1,1164.2444,0,
1055.2476,Experiment4Metamer_ResponseGroup2.m,2,13,1,15,20,q,0,24,Data_4_2_20141021T134434.mat,5,2,1055.2476,0,
1169.3375,Experiment4Metamer_ResponseGroup2.m,1,3,2,14,19,p,0,25,Data_4_2_20141021T134434.mat,5,2,1169.3375,0,
948.4933,Experiment4Metamer_ResponseGroup2.m,2,20,2,11,20,q,0,26,Data_4_2_20141021T134434.mat,5,1,948.4933,0,
1106.7516,Experiment4Metamer_ResponseGroup2.m,2,2,2,20,20,q,0,27,Data_4_2_20141021T134434.mat,5,1,1106.7516,0,
1464.8479,Experiment4Metamer_ResponseGroup2.m,2,8,2,6,20,q,0,29,Data_4_2_20141021T134434.mat,5,1,1464.8479,0,
707.2246,Experiment4Metamer_ResponseGroup2.m,1,12,2,12,19,p,0,31,Data_4_2_20141021T134434.mat,5,2,707.2246,0,
1186.8783,Experiment4Metamer_ResponseGroup2.m,2,12,2,11,20,q,0,32,Data_4_2_20141021T134434.mat,5,1,1186.8783,0,
953.7688,Experiment4Metamer_ResponseGroup2.m,2,20,2,4,20,q,0,33,Data_4_2_20141021T134434.mat,5,1,953.7688,0,
884.1987,Experiment4Metamer_ResponseGroup2.m,1,7,2,14,19,p,0,34,Data_4_2_20141021T134434.mat,5,2,884.1987,0,
714.4938,Experiment4Metamer_ResponseGroup2.m,1,19,2,8,19,p,0,35,Data_4_2_20141021T134434.mat,5,2,714.4938,0,
731.7158,Experiment4Metamer_ResponseGroup2.m,1,16,1,7,19,p,0,36,Data_4_2_20141021T134434.mat,5,1,731.7158,0,
748.6931,Experiment4Metamer_ResponseGroup2.m,1,12,1,15,19,p,0,37,Data_4_2_20141021T134434.mat,5,1,748.6931,0,
777.1631,Experiment4Metamer_ResponseGroup2.m,2,10,1,20,20,q,0,38,Data_4_2_20141021T134434.mat,5,2,777.1631,0,
901.5582,Experiment4Metamer_ResponseGroup2.m,1,16,1,11,19,p,0,39,Data_4_2_20141021T134434.mat,5,1,901.5582,0,
636.4052,Experiment4Metamer_ResponseGroup2.m,2,10,1,11,20,q,0,40,Data_4_2_20141021T134434.mat,5,2,636.4052,0,
1198.9514,Experiment4Metamer_ResponseGroup2.m,2,6,2,8,20,q,0,42,Data_4_2_20141021T134434.mat,5,1,1198.9514,0,
909.5955,Experiment4Metamer_ResponseGroup2.m,2,5,1,9,20,q,0,43,Data_4_2_20141021T134434.mat,5,2,909.5955,0,
705.3678,Experiment4Metamer_ResponseGroup2.m,2,10,2,1,20,q,0,44,Data_4_2_20141021T134434.mat,5,1,705.3678,0,
596.6484,Experiment4Metamer_ResponseGroup2.m,1,3,1,18,19,p,0,45,Data_4_2_20141021T134434.mat,5,1,596.6484,0,
1001.3227,Experiment4Metamer_ResponseGroup2.m,2,20,2,16,20,q,0,46,Data_4_2_20141021T134434.mat,5,1,1001.3227,0,
986.9046,Experiment4Metamer_ResponseGroup2.m,2,18,1,10,20,q,0,47,Data_4_2_20141021T134434.mat,5,2,986.9046,0,
1040.5627,Experiment4Metamer_ResponseGroup2.m,1,4,1,8,19,p,0,48,Data_4_2_20141021T134434.mat,5,1,1040.5627,0,
989.2921,Experiment4Metamer_ResponseGroup2.m,1,6,1,1,19,p,0,51,Data_4_2_20141021T134434.mat,5,1,989.2921,0,
781.5403,Experiment4Metamer_ResponseGroup2.m,2,12,2,19,20,q,0,52,Data_4_2_20141021T134434.mat,5,1,781.5403,0,
860.1911,Experiment4Metamer_ResponseGroup2.m,2,8,2,10,20,q,0,53,Data_4_2_20141021T134434.mat,5,1,860.1911,0,
982.1641,Experiment4Metamer_ResponseGroup2.m,1,10,2,10,19,p,0,54,Data_4_2_20141021T134434.mat,5,2,982.1641,0,
1161.5129,Experiment4Metamer_ResponseGroup2.m,2,19,2,7,20,q,0,55,Data_4_2_20141021T134434.mat,5,1,1161.5129,0,
1271.1436,Experiment4Metamer_ResponseGroup2.m,1,7,1,3,19,p,0,56,Data_4_2_20141021T134434.mat,5,1,1271.1436,0,
1292.9405,Experiment4Metamer_ResponseGroup2.m,1,5,2,10,19,p,0,57,Data_4_2_20141021T134434.mat,5,2,1292.9405,0,
1114.1138,Experiment4Metamer_ResponseGroup2.m,2,4,2,5,20,q,0,58,Data_4_2_20141021T134434.mat,5,1,1114.1138,0,
1087.9146,Experiment4Metamer_ResponseGroup2.m,2,16,2,18,20,q,0,60,Data_4_2_20141021T134434.mat,5,1,1087.9146,0,
1054.4078,Experiment4Metamer_ResponseGroup2.m,1,7,2,20,19,p,0,61,Data_4_2_20141021T134434.mat,5,2,1054.4078,0,
1380.7377,Experiment4Metamer_ResponseGroup2.m,1,4,2,8,19,p,0,62,Data_4_2_20141021T134434.mat,5,2,1380.7377,0,
839.4446,Experiment4Metamer_ResponseGroup2.m,1,11,1,14,19,p,0,64,Data_4_2_20141021T134434.mat,5,1,839.4446,0,
714.5623,Experiment4Metamer_ResponseGroup2.m,2,6,1,11,20,q,0,65,Data_4_2_20141021T134434.mat,5,2,714.5623,0,
696.1281,Experiment4Metamer_ResponseGroup2.m,2,20,1,8,20,q,0,67,Data_4_2_20141021T134434.mat,5,2,696.1281,0,
765.6538,Experiment4Metamer_ResponseGroup2.m,2,19,2,5,20,q,0,68,Data_4_2_20141021T134434.mat,5,1,765.6538,0,
702.6672,Experiment4Metamer_ResponseGroup2.m,2,1,2,13,20,q,0,69,Data_4_2_20141021T134434.mat,5,1,702.6672,0,
1116.4343,Experiment4Metamer_ResponseGroup2.m,1,17,2,3,19,p,0,70,Data_4_2_20141021T134434.mat,5,2,1116.4343,0,
979.7682,Experiment4Metamer_ResponseGroup2.m,2,13,1,11,20,q,0,71,Data_4_2_20141021T134434.mat,5,2,979.7682,0,
1191.0013,Experiment4Metamer_ResponseGroup2.m,2,11,1,18,20,q,0,72,Data_4_2_20141021T134434.mat,5,2,1191.0013,0,
948.7839,Experiment4Metamer_ResponseGroup2.m,1,8,1,8,19,p,0,73,Data_4_2_20141021T134434.mat,5,1,948.7839,0,
600.1053,Experiment4Metamer_ResponseGroup2.m,2,19,1,10,20,q,0,75,Data_4_2_20141021T134434.mat,5,2,600.1053,0,
810.6912,Experiment4Metamer_ResponseGroup2.m,1,8,1,7,19,p,0,76,Data_4_2_20141021T134434.mat,5,1,810.6912,0,
822.9976,Experiment4Metamer_ResponseGroup2.m,2,8,1,3,20,q,0,77,Data_4_2_20141021T134434.mat,5,2,822.9976,0,
765.8006,Experiment4Metamer_ResponseGroup2.m,1,11,2,8,19,p,0,78,Data_4_2_20141021T134434.mat,5,2,765.8006,0,
797.4324,Experiment4Metamer_ResponseGroup2.m,2,17,1,11,20,q,0,79,Data_4_2_20141021T134434.mat,5,2,797.4324,0,
1105.1661,Experiment4Metamer_ResponseGroup2.m,2,6,1,15,20,q,0,80,Data_4_2_20141021T134434.mat,5,2,1105.1661,0,
731.5079,Experiment4Metamer_ResponseGroup2.m,2,18,1,5,20,q,0,81,Data_4_2_20141021T134434.mat,5,2,731.5079,0,
787.7105,Experiment4Metamer_ResponseGroup2.m,1,19,2,1,19,p,0,82,Data_4_2_20141021T134434.mat,5,2,787.7105,0,
591.2644,Experiment4Metamer_ResponseGroup2.m,2,1,2,15,20,q,0,83,Data_4_2_20141021T134434.mat,5,1,591.2644,0,
1255.0773,Experiment4Metamer_ResponseGroup2.m,2,12,2,17,20,q,0,84,Data_4_2_20141021T134434.mat,5,1,1255.0773,0,
807.8913,Experiment4Metamer_ResponseGroup2.m,2,14,2,16,20,q,0,85,Data_4_2_20141021T134434.mat,5,1,807.8913,0,
778.0463,Experiment4Metamer_ResponseGroup2.m,2,15,1,13,20,q,0,87,Data_4_2_20141021T134434.mat,5,2,778.0463,0,
795.1659,Experiment4Metamer_ResponseGroup2.m,1,7,1,15,19,p,0,88,Data_4_2_20141021T134434.mat,5,1,795.1659,0,
1058.3426,Experiment4Metamer_ResponseGroup2.m,2,2,2,19,20,q,0,89,Data_4_2_20141021T134434.mat,5,1,1058.3426,0,
736.906,Experiment4Metamer_ResponseGroup2.m,2,19,1,6,20,q,0,90,Data_4_2_20141021T134434.mat,5,2,736.906,0,
1193.7182,Experiment4Metamer_ResponseGroup2.m,2,9,2,17,20,q,0,91,Data_4_2_20141021T134434.mat,5,1,1193.7182,0,
1060.8842,Experiment4Metamer_ResponseGroup2.m,2,11,1,20,20,q,0,92,Data_4_2_20141021T134434.mat,5,2,1060.8842,0,
1101.7474,Experiment4Metamer_ResponseGroup2.m,2,12,1,13,20,q,0,93,Data_4_2_20141021T134434.mat,5,2,1101.7474,0,
1249.5565,Experiment4Metamer_ResponseGroup2.m,2,3,2,7,20,q,0,94,Data_4_2_20141021T134434.mat,5,1,1249.5565,0,
1085.4327,Experiment4Metamer_ResponseGroup2.m,1,20,1,14,19,p,0,95,Data_4_2_20141021T134434.mat,5,1,1085.4327,0,
1074.0384,Experiment4Metamer_ResponseGroup2.m,1,15,2,1,19,p,0,96,Data_4_2_20141021T134434.mat,5,2,1074.0384,0,
844.9022,Experiment4Metamer_ResponseGroup2.m,2,1,2,4,20,q,0,97,Data_4_2_20141021T134434.mat,5,1,844.9022,0,
754.1394,Experiment4Metamer_ResponseGroup2.m,2,1,1,2,20,q,0,98,Data_4_2_20141021T134434.mat,5,2,754.1394,0,
1266.8278,Experiment4Metamer_ResponseGroup2.m,2,8,2,12,20,q,0,99,Data_4_2_20141021T134434.mat,5,1,1266.8278,0,
711.7018,Experiment4Metamer_ResponseGroup2.m,2,5,1,14,20,q,0,100,Data_4_2_20141021T134434.mat,5,2,711.7018,0,
703.0157,Experiment4Metamer_ResponseGroup2.m,2,10,2,15,20,q,0,101,Data_4_2_20141021T134434.mat,5,1,703.0157,0,
658.1644,Experiment4Metamer_ResponseGroup2.m,2,19,1,19,20,q,0,102,Data_4_2_20141021T134434.mat,5,2,658.1644,0,
670.3204,Experiment4Metamer_ResponseGroup2.m,1,10,2,15,19,p,0,103,Data_4_2_20141021T134434.mat,5,2,670.3204,0,
944.5621,Experiment4Metamer_ResponseGroup2.m,2,17,1,19,20,q,0,104,Data_4_2_20141021T134434.mat,5,2,944.5621,0,
1084.3177,Experiment4Metamer_ResponseGroup2.m,1,14,1,13,19,p,0,105,Data_4_2_20141021T134434.mat,5,1,1084.3177,0,
876.8709,Experiment4Metamer_ResponseGroup2.m,2,3,2,1,20,q,0,106,Data_4_2_20141021T134434.mat,5,1,876.8709,0,
730.2032,Experiment4Metamer_ResponseGroup2.m,1,15,2,9,19,p,0,107,Data_4_2_20141021T134434.mat,5,2,730.2032,0,
644.7265,Experiment4Metamer_ResponseGroup2.m,1,15,2,18,19,p,0,108,Data_4_2_20141021T134434.mat,5,2,644.7265,0,
1123.7831,Experiment4Metamer_ResponseGroup2.m,2,13,2,7,20,q,0,109,Data_4_2_20141021T134434.mat,5,1,1123.7831,0,
1030.1712,Experiment4Metamer_ResponseGroup2.m,1,2,1,5,19,p,0,110,Data_4_2_20141021T134434.mat,5,1,1030.1712,0,
1186.1102,Experiment4Metamer_ResponseGroup2.m,1,4,1,7,19,p,0,112,Data_4_2_20141021T134434.mat,5,1,1186.1102,0,
882.2643,Experiment4Metamer_ResponseGroup2.m,2,17,1,20,20,q,0,113,Data_4_2_20141021T134434.mat,5,2,882.2643,0,
856.8092,Experiment4Metamer_ResponseGroup2.m,2,9,2,5,20,q,0,115,Data_4_2_20141021T134434.mat,5,1,856.8092,0,
920.9425,Experiment4Metamer_ResponseGroup2.m,2,6,1,5,20,q,0,116,Data_4_2_20141021T134434.mat,5,2,920.9425,0,
909.5333,Experiment4Metamer_ResponseGroup2.m,1,7,1,16,19,p,0,117,Data_4_2_20141021T134434.mat,5,1,909.5333,0,
781.9836,Experiment4Metamer_ResponseGroup2.m,2,16,2,12,20,q,0,118,Data_4_2_20141021T134434.mat,5,1,781.9836,0,
681.6535,Experiment4Metamer_ResponseGroup2.m,2,2,1,6,20,q,0,120,Data_4_2_20141021T134434.mat,5,2,681.6535,0,
866.9121,Experiment4Metamer_ResponseGroup2.m,2,13,2,10,20,q,0,121,Data_4_2_20141021T134434.mat,5,1,866.9121,0,
844.3192,Experiment4Metamer_ResponseGroup2.m,1,18,2,10,19,p,0,122,Data_4_2_20141021T134434.mat,5,2,844.3192,0,
632.469,Experiment4Metamer_ResponseGroup2.m,2,20,1,19,20,q,0,123,Data_4_2_20141021T134434.mat,5,2,632.469,0,
621.9939,Experiment4Metamer_ResponseGroup2.m,1,19,2,3,19,p,0,124,Data_4_2_20141021T134434.mat,5,2,621.9939,0,
1135.431,Experiment4Metamer_ResponseGroup2.m,1,9,1,18,19,p,0,125,Data_4_2_20141021T134434.mat,5,1,1135.431,0,
1070.6448,Experiment4Metamer_ResponseGroup2.m,2,13,1,14,20,q,0,126,Data_4_2_20141021T134434.mat,5,2,1070.6448,0,
675.9379,Experiment4Metamer_ResponseGroup2.m,1,10,1,15,19,p,0,127,Data_4_2_20141021T134434.mat,5,1,675.9379,0,
920.6201,Experiment4Metamer_ResponseGroup2.m,2,13,1,7,20,q,0,128,Data_4_2_20141021T134434.mat,5,2,920.6201,0,
1331.7285,Experiment4Metamer_ResponseGroup2.m,2,16,2,15,20,q,0,131,Data_4_2_20141021T134434.mat,5,1,1331.7285,0,
1269.8015,Experiment4Metamer_ResponseGroup2.m,1,19,1,4,19,p,0,132,Data_4_2_20141021T134434.mat,5,1,1269.8015,0,
904.0461,Experiment4Metamer_ResponseGroup2.m,1,11,2,18,19,p,0,133,Data_4_2_20141021T134434.mat,5,2,904.0461,0,
767.7502,Experiment4Metamer_ResponseGroup2.m,1,18,1,9,19,p,0,136,Data_4_2_20141021T134434.mat,5,1,767.7502,0,
797.7243,Experiment4Metamer_ResponseGroup2.m,2,16,2,8,20,q,0,137,Data_4_2_20141021T134434.mat,5,1,797.7243,0,
753.7118,Experiment4Metamer_ResponseGroup2.m,2,10,1,13,20,q,0,138,Data_4_2_20141021T134434.mat,5,2,753.7118,0,
641.0992,Experiment4Metamer_ResponseGroup2.m,1,20,2,6,19,p,0,139,Data_4_2_20141021T134434.mat,5,2,641.0992,0,
1354.4253,Experiment4Metamer_ResponseGroup2.m,1,13,1,10,19,p,0,141,Data_4_2_20141021T134434.mat,5,1,1354.4253,0,
1073.1029,Experiment4Metamer_ResponseGroup2.m,2,12,2,6,20,q,0,142,Data_4_2_20141021T134434.mat,5,1,1073.1029,0,
784.0983,Experiment4Metamer_ResponseGroup2.m,1,19,1,11,19,p,0,143,Data_4_2_20141021T134434.mat,5,1,784.0983,0,
1016.8351,Experiment4Metamer_ResponseGroup2.m,1,8,1,8,19,p,0,144,Data_4_2_20141021T134434.mat,5,1,1016.8351,0,
1194.2879,Experiment4Metamer_ResponseGroup2.m,1,8,2,20,19,p,0,145,Data_4_2_20141021T134434.mat,5,2,1194.2879,0,
1306.3525,Experiment4Metamer_ResponseGroup2.m,2,11,2,15,20,q,0,146,Data_4_2_20141021T134434.mat,5,1,1306.3525,0,
928.5843,Experiment4Metamer_ResponseGroup2.m,1,17,1,10,19,p,0,147,Data_4_2_20141021T134434.mat,5,1,928.5843,0,
1083.7684,Experiment4Metamer_ResponseGroup2.m,2,8,1,13,20,q,0,149,Data_4_2_20141021T134434.mat,5,2,1083.7684,0,
1191.772,Experiment4Metamer_ResponseGroup2.m,1,2,2,11,19,p,0,151,Data_4_2_20141021T134434.mat,5,2,1191.772,0,
701.1863,Experiment4Metamer_ResponseGroup2.m,2,4,2,14,20,q,0,152,Data_4_2_20141021T134434.mat,5,1,701.1863,0,
1184.0083,Experiment4Metamer_ResponseGroup2.m,2,14,1,5,20,q,0,153,Data_4_2_20141021T134434.mat,5,2,1184.0083,0,
1217.0184,Experiment4Metamer_ResponseGroup2.m,1,15,1,3,19,p,0,154,Data_4_2_20141021T134434.mat,5,1,1217.0184,0,
764.4687,Experiment4Metamer_ResponseGroup2.m,1,19,2,5,19,p,0,155,Data_4_2_20141021T134434.mat,5,2,764.4687,0,
748.463,Experiment4Metamer_ResponseGroup2.m,2,10,1,11,20,q,0,156,Data_4_2_20141021T134434.mat,5,2,748.463,0,
910.1441,Experiment4Metamer_ResponseGroup2.m,2,8,1,2,20,q,0,159,Data_4_2_20141021T134434.mat,5,2,910.1441,0,
1169.8133,Experiment4Metamer_ResponseGroup2.m,1,12,1,16,19,p,0,161,Data_4_2_20141021T134434.mat,5,1,1169.8133,0,
1077.8191,Experiment4Metamer_ResponseGroup2.m,2,1,1,17,20,q,0,162,Data_4_2_20141021T134434.mat,5,2,1077.8191,0,
624.7697,Experiment4Metamer_ResponseGroup2.m,2,1,2,16,20,q,0,163,Data_4_2_20141021T134434.mat,5,1,624.7697,0,
741.741,Experiment4Metamer_ResponseGroup2.m,2,5,1,18,20,q,0,164,Data_4_2_20141021T134434.mat,5,2,741.741,0,
723.633,Experiment4Metamer_ResponseGroup2.m,2,8,2,13,20,q,0,166,Data_4_2_20141021T134434.mat,5,1,723.633,0,
998.7758,Experiment4Metamer_ResponseGroup2.m,1,20,1,8,19,p,0,169,Data_4_2_20141021T134434.mat,5,1,998.7758,0,
1127.0685,Experiment4Metamer_ResponseGroup2.m,1,15,1,20,19,p,0,170,Data_4_2_20141021T134434.mat,5,1,1127.0685,0,
752.5434,Experiment4Metamer_ResponseGroup2.m,1,10,2,20,19,p,0,172,Data_4_2_20141021T134434.mat,5,2,752.5434,0,
904.4793,Experiment4Metamer_ResponseGroup2.m,2,14,1,5,20,q,0,173,Data_4_2_20141021T134434.mat,5,2,904.4793,0,
728.2898,Experiment4Metamer_ResponseGroup2.m,1,15,1,14,19,p,0,174,Data_4_2_20141021T134434.mat,5,1,728.2898,0,
793.9362,Experiment4Metamer_ResponseGroup2.m,1,12,1,4,19,p,0,176,Data_4_2_20141021T134434.mat,5,1,793.9362,0,
933.1643,Experiment4Metamer_ResponseGroup2.m,1,8,2,10,19,p,0,177,Data_4_2_20141021T134434.mat,5,2,933.1643,0,
784.8658,Experiment4Metamer_ResponseGroup2.m,2,18,1,19,20,q,0,178,Data_4_2_20141021T134434.mat,5,2,784.8658,0,
1158.071,Experiment4Metamer_ResponseGroup2.m,2,15,2,16,20,q,0,179,Data_4_2_20141021T134434.mat,5,1,1158.071,0,
863.1446,Experiment4Metamer_ResponseGroup2.m,2,15,1,2,20,q,0,180,Data_4_2_20141021T134434.mat,5,2,863.1446,0,
1170.9253,Experiment4Metamer_ResponseGroup2.m,2,14,2,17,20,q,0,182,Data_4_2_20141021T134434.mat,5,1,1170.9253,0,
930.3557,Experiment4Metamer_ResponseGroup2.m,2,9,2,2,20,q,0,183,Data_4_2_20141021T134434.mat,5,1,930.3557,0,
1011.7982,Experiment4Metamer_ResponseGroup2.m,1,18,2,15,19,p,0,184,Data_4_2_20141021T134434.mat,5,2,1011.7982,0,
1370.4142,Experiment4Metamer_ResponseGroup2.m,2,8,2,2,20,q,0,186,Data_4_2_20141021T134434.mat,5,1,1370.4142,0,
674.7892,Experiment4Metamer_ResponseGroup2.m,2,8,2,3,20,q,0,187,Data_4_2_20141021T134434.mat,5,1,674.7892,0,
1044.2338,Experiment4Metamer_ResponseGroup2.m,1,14,2,17,19,p,0,188,Data_4_2_20141021T134434.mat,5,2,1044.2338,0,
863.2245,Experiment4Metamer_ResponseGroup2.m,1,6,2,1,19,p,0,189,Data_4_2_20141021T134434.mat,5,2,863.2245,0,
802.5699,Experiment4Metamer_ResponseGroup2.m,1,11,2,16,19,p,0,190,Data_4_2_20141021T134434.mat,5,2,802.5699,0,
1059.232,Experiment4Metamer_ResponseGroup2.m,1,9,1,20,19,p,0,191,Data_4_2_20141021T134434.mat,5,1,1059.232,0,
608.983,Experiment4Metamer_ResponseGroup2.m,1,16,2,10,19,p,0,192,Data_4_2_20141021T134434.mat,5,2,608.983,0,
935.487,Experiment4Metamer_ResponseGroup2.m,1,10,1,2,19,p,0,193,Data_4_2_20141021T134434.mat,5,1,935.487,0,
641.008,Experiment4Metamer_ResponseGroup2.m,2,5,2,17,20,q,0,194,Data_4_2_20141021T134434.mat,5,1,641.008,0,
744.4038,Experiment4Metamer_ResponseGroup2.m,2,6,2,18,20,q,0,195,Data_4_2_20141021T134434.mat,5,1,744.4038,0,
1232.2185,Experiment4Metamer_ResponseGroup2.m,1,16,2,11,19,p,0,197,Data_4_2_20141021T134434.mat,5,2,1232.2185,0,
574.4804,Experiment4Metamer_ResponseGroup2.m,1,3,1,20,19,p,0,198,Data_4_2_20141021T134434.mat,5,1,574.4804,0,
791.5501,Experiment4Metamer_ResponseGroup2.m,2,4,2,11,20,q,0,199,Data_4_2_20141021T134434.mat,5,1,791.5501,0,
929.587,Experiment4Metamer_ResponseGroup2.m,2,8,1,7,20,q,0,200,Data_4_2_20141021T134434.mat,5,2,929.587,0,
657.4378,Experiment4Metamer_ResponseGroup2.m,1,20,2,2,19,p,0,201,Data_4_2_20141021T134434.mat,5,2,657.4378,0,
980.6645,Experiment4Metamer_ResponseGroup2.m,2,7,2,2,20,q,0,202,Data_4_2_20141021T134434.mat,5,1,980.6645,0,
661.511,Experiment4Metamer_ResponseGroup2.m,1,20,2,5,19,p,0,203,Data_4_2_20141021T134434.mat,5,2,661.511,0,
775.6649,Experiment4Metamer_ResponseGroup2.m,2,1,2,12,20,q,0,204,Data_4_2_20141021T134434.mat,5,1,775.6649,0,
963.1974,Experiment4Metamer_ResponseGroup2.m,2,12,1,14,20,q,0,205,Data_4_2_20141021T134434.mat,5,2,963.1974,0,
1227.3251,Experiment4Metamer_ResponseGroup2.m,1,5,2,9,19,p,0,206,Data_4_2_20141021T134434.mat,5,2,1227.3251,0,
911.1566,Experiment4Metamer_ResponseGroup2.m,1,4,1,19,19,p,0,207,Data_4_2_20141021T134434.mat,5,1,911.1566,0,
1265.0457,Experiment4Metamer_ResponseGroup2.m,1,4,2,4,19,p,0,208,Data_4_2_20141021T134434.mat,5,2,1265.0457,0,
1014.3513,Experiment4Metamer_ResponseGroup2.m,2,2,2,2,20,q,0,209,Data_4_2_20141021T134434.mat,5,1,1014.3513,0,
1116.7665,Experiment4Metamer_ResponseGroup2.m,2,4,1,17,20,q,0,210,Data_4_2_20141021T134434.mat,5,2,1116.7665,0,
932.3278,Experiment4Metamer_ResponseGroup2.m,1,16,2,4,19,p,0,213,Data_4_2_20141021T134434.mat,5,2,932.3278,0,
732.1289,Experiment4Metamer_ResponseGroup2.m,1,8,2,7,19,p,0,214,Data_4_2_20141021T134434.mat,5,2,732.1289,0,
574.976,Experiment4Metamer_ResponseGroup2.m,1,8,1,17,19,p,0,215,Data_4_2_20141021T134434.mat,5,1,574.976,0,
545.3041,Experiment4Metamer_ResponseGroup2.m,1,6,2,5,19,p,0,216,Data_4_2_20141021T134434.mat,5,2,545.3041,0,
777.6759,Experiment4Metamer_ResponseGroup2.m,1,3,1,12,19,p,0,217,Data_4_2_20141021T134434.mat,5,1,777.6759,0,
1376.3701,Experiment4Metamer_ResponseGroup2.m,1,19,1,13,19,p,0,218,Data_4_2_20141021T134434.mat,5,1,1376.3701,0,
740.6426,Experiment4Metamer_ResponseGroup2.m,2,7,1,15,20,q,0,219,Data_4_2_20141021T134434.mat,5,2,740.6426,0,
969.4555,Experiment4Metamer_ResponseGroup2.m,1,1,2,15,19,p,0,220,Data_4_2_20141021T134434.mat,5,2,969.4555,0,
1173.8887,Experiment4Metamer_ResponseGroup2.m,2,3,2,9,20,q,0,221,Data_4_2_20141021T134434.mat,5,1,1173.8887,0,
1080.0434,Experiment4Metamer_ResponseGroup2.m,1,10,1,8,19,p,0,222,Data_4_2_20141021T134434.mat,5,1,1080.0434,0,
991.0451,Experiment4Metamer_ResponseGroup2.m,1,9,2,4,19,p,0,223,Data_4_2_20141021T134434.mat,5,2,991.0451,0,
813.5343,Experiment4Metamer_ResponseGroup2.m,1,1,1,10,19,p,0,224,Data_4_2_20141021T134434.mat,5,1,813.5343,0,
741.5083,Experiment4Metamer_ResponseGroup2.m,2,6,2,14,20,q,0,225,Data_4_2_20141021T134434.mat,5,1,741.5083,0,
970.6225,Experiment4Metamer_ResponseGroup2.m,2,17,1,9,20,q,0,226,Data_4_2_20141021T134434.mat,5,2,970.6225,0,
947.9477,Experiment4Metamer_ResponseGroup2.m,2,5,1,19,20,q,0,227,Data_4_2_20141021T134434.mat,5,2,947.9477,0,
988.2818,Experiment4Metamer_ResponseGroup2.m,1,19,1,2,19,p,0,228,Data_4_2_20141021T134434.mat,5,1,988.2818,0,
1414.7195,Experiment4Metamer_ResponseGroup2.m,1,5,1,15,19,p,0,229,Data_4_2_20141021T134434.mat,5,1,1414.7195,0,
798.5219,Experiment4Metamer_ResponseGroup2.m,2,13,1,12,20,q,0,230,Data_4_2_20141021T134434.mat,5,2,798.5219,0,
1159.4775,Experiment4Metamer_ResponseGroup2.m,2,19,2,11,20,q,0,231,Data_4_2_20141021T134434.mat,5,1,1159.4775,0,
637.1143,Experiment4Metamer_ResponseGroup2.m,1,19,1,12,19,p,0,232,Data_4_2_20141021T134434.mat,5,1,637.1143,0,
792.6429,Experiment4Metamer_ResponseGroup2.m,1,4,1,9,19,p,0,233,Data_4_2_20141021T134434.mat,5,1,792.6429,0,
1298.558,Experiment4Metamer_ResponseGroup2.m,1,4,1,15,19,p,0,234,Data_4_2_20141021T134434.mat,5,1,1298.558,0,
669.551,Experiment4Metamer_ResponseGroup2.m,2,17,2,18,20,q,0,235,Data_4_2_20141021T134434.mat,5,1,669.551,0,
918.699,Experiment4Metamer_ResponseGroup2.m,2,14,1,9,20,q,0,236,Data_4_2_20141021T134434.mat,5,2,918.699,0,
635.368,Experiment4Metamer_ResponseGroup2.m,1,1,1,7,19,p,0,238,Data_4_2_20141021T134434.mat,5,1,635.368,0,
832.2446,Experiment4Metamer_ResponseGroup2.m,2,14,2,16,20,q,0,239,Data_4_2_20141021T134434.mat,5,1,832.2446,0,
816.851,Experiment4Metamer_ResponseGroup2.m,1,14,2,11,19,p,0,240,Data_4_2_20141021T134434.mat,5,2,816.851,0,
1453.8197,Experiment4Metamer_ResponseGroup2.m,2,9,2,11,20,q,0,241,Data_4_2_20141021T134434.mat,5,1,1453.8197,0,
1196.9364,Experiment4Metamer_ResponseGroup2.m,2,11,1,10,20,q,0,242,Data_4_2_20141021T134434.mat,5,2,1196.9364,0,
772.3599,Experiment4Metamer_ResponseGroup2.m,2,13,1,1,20,q,0,243,Data_4_2_20141021T134434.mat,5,2,772.3599,0,
808.9974,Experiment4Metamer_ResponseGroup2.m,1,12,2,12,19,p,0,244,Data_4_2_20141021T134434.mat,5,2,808.9974,0,
680.0636,Experiment4Metamer_ResponseGroup2.m,2,19,1,7,20,q,0,245,Data_4_2_20141021T134434.mat,5,2,680.0636,0,
720.0949,Experiment4Metamer_ResponseGroup2.m,2,13,1,9,20,q,0,246,Data_4_2_20141021T134434.mat,5,2,720.0949,0,
943.2857,Experiment4Metamer_ResponseGroup2.m,1,3,1,3,19,p,0,247,Data_4_2_20141021T134434.mat,5,1,943.2857,0,
784.4569,Experiment4Metamer_ResponseGroup2.m,1,13,1,3,19,p,0,249,Data_4_2_20141021T134434.mat,5,1,784.4569,0,
1252.2244,Experiment4Metamer_ResponseGroup2.m,2,12,2,5,20,q,0,250,Data_4_2_20141021T134434.mat,5,1,1252.2244,0,
974.4117,Experiment4Metamer_ResponseGroup2.m,1,7,2,17,19,p,0,251,Data_4_2_20141021T134434.mat,5,2,974.4117,0,
738.398,Experiment4Metamer_ResponseGroup2.m,2,6,1,3,20,q,0,252,Data_4_2_20141021T134434.mat,5,2,738.398,0,
1483.3929,Experiment4Metamer_ResponseGroup2.m,1,9,1,6,19,p,0,253,Data_4_2_20141021T134434.mat,5,1,1483.3929,0,
1139.028,Experiment4Metamer_ResponseGroup2.m,2,4,2,1,20,q,0,254,Data_4_2_20141021T134434.mat,5,1,1139.028,0,
767.5381,Experiment4Metamer_ResponseGroup2.m,2,4,1,16,20,q,0,255,Data_4_2_20141021T134434.mat,5,2,767.5381,0,
752.7134,Experiment4Metamer_ResponseGroup2.m,1,12,2,15,19,p,0,256,Data_4_2_20141021T134434.mat,5,2,752.7134,0,
1409.5393,Experiment4Metamer_ResponseGroup2.m,1,4,2,11,19,p,0,257,Data_4_2_20141021T134434.mat,5,2,1409.5393,0,
868.9313,Experiment4Metamer_ResponseGroup2.m,1,1,1,4,19,p,0,260,Data_4_2_20141021T134434.mat,5,1,868.9313,0,
1214.4466,Experiment4Metamer_ResponseGroup2.m,1,11,2,2,19,p,0,261,Data_4_2_20141021T134434.mat,5,2,1214.4466,0,
879.2765,Experiment4Metamer_ResponseGroup2.m,1,15,1,12,19,p,0,262,Data_4_2_20141021T134434.mat,5,1,879.2765,0,
559.2311,Experiment4Metamer_ResponseGroup2.m,1,5,1,2,19,p,0,263,Data_4_2_20141021T134434.mat,5,1,559.2311,0,
614.8508,Experiment4Metamer_ResponseGroup2.m,1,4,1,18,19,p,0,264,Data_4_2_20141021T134434.mat,5,1,614.8508,0,
809.6486,Experiment4Metamer_ResponseGroup2.m,1,17,2,1,19,p,0,265,Data_4_2_20141021T134434.mat,5,2,809.6486,0,
788.908,Experiment4Metamer_ResponseGroup2.m,2,7,1,3,20,q,0,266,Data_4_2_20141021T134434.mat,5,2,788.908,0,
940.3855,Experiment4Metamer_ResponseGroup2.m,2,4,2,18,20,q,0,267,Data_4_2_20141021T134434.mat,5,1,940.3855,0,
718.0652,Experiment4Metamer_ResponseGroup2.m,1,6,2,12,19,p,0,268,Data_4_2_20141021T134434.mat,5,2,718.0652,0,
777.4983,Experiment4Metamer_ResponseGroup2.m,2,18,1,5,20,q,0,269,Data_4_2_20141021T134434.mat,5,2,777.4983,0,
1049.0356,Experiment4Metamer_ResponseGroup2.m,1,4,2,7,19,p,0,270,Data_4_2_20141021T134434.mat,5,2,1049.0356,0,
821.758,Experiment4Metamer_ResponseGroup2.m,1,13,2,3,19,p,0,271,Data_4_2_20141021T134434.mat,5,2,821.758,0,
933.0582,Experiment4Metamer_ResponseGroup2.m,2,18,1,10,20,q,0,272,Data_4_2_20141021T134434.mat,5,2,933.0582,0,
1061.4838,Experiment4Metamer_ResponseGroup2.m,1,17,1,15,19,p,0,273,Data_4_2_20141021T134434.mat,5,1,1061.4838,0,
781.7487,Experiment4Metamer_ResponseGroup2.m,1,6,2,16,19,p,0,274,Data_4_2_20141021T134434.mat,5,2,781.7487,0,
754.1299,Experiment4Metamer_ResponseGroup2.m,2,18,1,5,20,q,0,275,Data_4_2_20141021T134434.mat,5,2,754.1299,0,
1312.365,Experiment4Metamer_ResponseGroup2.m,2,19,2,7,20,q,0,276,Data_4_2_20141021T134434.mat,5,1,1312.365,0,
986.7714,Experiment4Metamer_ResponseGroup2.m,2,8,2,9,20,q,0,278,Data_4_2_20141021T134434.mat,5,1,986.7714,0,
677.6084,Experiment4Metamer_ResponseGroup2.m,1,5,1,11,19,p,0,279,Data_4_2_20141021T134434.mat,5,1,677.6084,0,
1157.4832,Experiment4Metamer_ResponseGroup2.m,2,20,2,18,20,q,0,280,Data_4_2_20141021T134434.mat,5,1,1157.4832,0,
754.1906,Experiment4Metamer_ResponseGroup2.m,2,10,2,1,20,q,0,281,Data_4_2_20141021T134434.mat,5,1,754.1906,0,
752.3711,Experiment4Metamer_ResponseGroup2.m,1,13,1,9,19,p,0,282,Data_4_2_20141021T134434.mat,5,1,752.3711,0,
840.0441,Experiment4Metamer_ResponseGroup2.m,2,17,2,19,20,q,0,283,Data_4_2_20141021T134434.mat,5,1,840.0441,0,
625.7672,Experiment4Metamer_ResponseGroup2.m,2,19,2,19,20,q,0,284,Data_4_2_20141021T134434.mat,5,1,625.7672,0,
665.8967,Experiment4Metamer_ResponseGroup2.m,2,7,1,13,20,q,0,285,Data_4_2_20141021T134434.mat,5,2,665.8967,0,
642.5183,Experiment4Metamer_ResponseGroup2.m,1,5,1,6,19,p,0,287,Data_4_2_20141021T134434.mat,5,1,642.5183,0,
1004.2508,Experiment4Metamer_ResponseGroup2.m,1,9,2,18,19,p,0,288,Data_4_2_20141021T134434.mat,5,2,1004.2508,0,
615.5547,Experiment4Metamer_ResponseGroup2.m,2,5,1,15,20,q,0,289,Data_4_2_20141021T134434.mat,5,2,615.5547,0,
1521.9725,Experiment4Metamer_ResponseGroup2.m,2,9,2,11,20,q,0,290,Data_4_2_20141021T134434.mat,5,1,1521.9725,0,
715.4119,Experiment4Metamer_ResponseGroup2.m,2,10,1,14,20,q,0,291,Data_4_2_20141021T134434.mat,5,2,715.4119,0,
1134.0489,Experiment4Metamer_ResponseGroup2.m,2,19,2,2,20,q,0,292,Data_4_2_20141021T134434.mat,5,1,1134.0489,0,
1230.0874,Experiment4Metamer_ResponseGroup2.m,2,2,1,17,20,q,0,293,Data_4_2_20141021T134434.mat,5,2,1230.0874,0,
1046.012,Experiment4Metamer_ResponseGroup2.m,1,14,1,3,19,p,0,294,Data_4_2_20141021T134434.mat,5,1,1046.012,0,
1622.0333,Experiment4Metamer_ResponseGroup2.m,2,4,2,1,20,q,0,296,Data_4_2_20141021T134434.mat,5,1,1622.0333,0,
1014.8061,Experiment4Metamer_ResponseGroup2.m,2,4,1,15,20,q,0,298,Data_4_2_20141021T134434.mat,5,2,1014.8061,0,
1352.5052,Experiment4Metamer_ResponseGroup2.m,1,19,1,7,19,p,0,299,Data_4_2_20141021T134434.mat,5,1,1352.5052,0,
875.2636,Experiment4Metamer_ResponseGroup2.m,2,17,1,20,20,q,0,300,Data_4_2_20141021T134434.mat,5,2,875.2636,0,
903.575,Experiment4Metamer_ResponseGroup2.m,2,6,2,7,20,q,0,301,Data_4_2_20141021T134434.mat,5,1,903.575,0,
1219.7817,Experiment4Metamer_ResponseGroup2.m,1,20,1,13,19,p,0,302,Data_4_2_20141021T134434.mat,5,1,1219.7817,0,
1468.8767,Experiment4Metamer_ResponseGroup2.m,1,18,1,5,19,p,0,303,Data_4_2_20141021T134434.mat,5,1,1468.8767,0,
843.8244,Experiment4Metamer_ResponseGroup2.m,2,12,1,17,20,q,0,304,Data_4_2_20141021T134434.mat,5,2,843.8244,0,
1297.6466,Experiment4Metamer_ResponseGroup2.m,1,16,2,20,19,p,0,305,Data_4_2_20141021T134434.mat,5,2,1297.6466,0,
1242.9213,Experiment4Metamer_ResponseGroup2.m,2,10,2,13,20,q,0,306,Data_4_2_20141021T134434.mat,5,1,1242.9213,0,
757.3955,Experiment4Metamer_ResponseGroup2.m,2,4,2,3,20,q,0,308,Data_4_2_20141021T134434.mat,5,1,757.3955,0,
648.1682,Experiment4Metamer_ResponseGroup2.m,2,1,1,12,20,q,0,309,Data_4_2_20141021T134434.mat,5,2,648.1682,0,
793.1473,Experiment4Metamer_ResponseGroup2.m,1,6,1,5,19,p,0,310,Data_4_2_20141021T134434.mat,5,1,793.1473,0,
695.5583,Experiment4Metamer_ResponseGroup2.m,2,8,1,12,20,q,0,312,Data_4_2_20141021T134434.mat,5,2,695.5583,0,
808.1442,Experiment4Metamer_ResponseGroup2.m,2,13,2,2,20,q,0,314,Data_4_2_20141021T134434.mat,5,1,808.1442,0,
454.8082,Experiment4Metamer_ResponseGroup2.m,2,4,1,9,20,q,0,316,Data_4_2_20141021T134434.mat,5,2,454.8082,0,
819.3698,Experiment4Metamer_ResponseGroup2.m,1,16,1,2,19,p,0,317,Data_4_2_20141021T134434.mat,5,1,819.3698,0,
955.0014,Experiment4Metamer_ResponseGroup2.m,1,4,2,9,19,p,0,318,Data_4_2_20141021T134434.mat,5,2,955.0014,0,
729.8574,Experiment4Metamer_ResponseGroup2.m,2,2,1,18,20,q,0,320,Data_4_2_20141021T134434.mat,5,2,729.8574,0,
773.4419,Experiment4Metamer_ResponseGroup2.m,2,8,2,4,20,q,0,321,Data_4_2_20141021T134434.mat,5,1,773.4419,0,
1353.7888,Experiment4Metamer_ResponseGroup2.m,2,8,2,5,20,q,0,322,Data_4_2_20141021T134434.mat,5,1,1353.7888,0,
845.2576,Experiment4Metamer_ResponseGroup2.m,1,11,1,10,19,p,0,323,Data_4_2_20141021T134434.mat,5,1,845.2576,0,
698.7045,Experiment4Metamer_ResponseGroup2.m,2,5,2,6,20,q,0,324,Data_4_2_20141021T134434.mat,5,1,698.7045,0,
741.8759,Experiment4Metamer_ResponseGroup2.m,1,5,2,14,19,p,0,325,Data_4_2_20141021T134434.mat,5,2,741.8759,0,
916.2868,Experiment4Metamer_ResponseGroup2.m,1,3,1,18,19,p,0,326,Data_4_2_20141021T134434.mat,5,1,916.2868,0,
932.0001,Experiment4Metamer_ResponseGroup2.m,1,8,2,15,19,p,0,327,Data_4_2_20141021T134434.mat,5,2,932.0001,0,
746.6918,Experiment4Metamer_ResponseGroup2.m,2,15,1,1,20,q,0,328,Data_4_2_20141021T134434.mat,5,2,746.6918,0,
759.5119,Experiment4Metamer_ResponseGroup2.m,1,13,2,3,19,p,0,329,Data_4_2_20141021T134434.mat,5,2,759.5119,0,
788.2972,Experiment4Metamer_ResponseGroup2.m,2,2,2,9,20,q,0,330,Data_4_2_20141021T134434.mat,5,1,788.2972,0,
1548.9976,Experiment4Metamer_ResponseGroup2.m,2,18,2,16,20,q,0,331,Data_4_2_20141021T134434.mat,5,1,1548.9976,0,
678.1391,Experiment4Metamer_ResponseGroup2.m,1,18,1,4,19,p,0,332,Data_4_2_20141021T134434.mat,5,1,678.1391,0,
885.0323,Experiment4Metamer_ResponseGroup2.m,1,13,1,19,19,p,0,333,Data_4_2_20141021T134434.mat,5,1,885.0323,0,
957.1235,Experiment4Metamer_ResponseGroup2.m,1,8,2,4,19,p,0,335,Data_4_2_20141021T134434.mat,5,2,957.1235,0,
857.9073,Experiment4Metamer_ResponseGroup2.m,1,5,1,6,19,p,0,336,Data_4_2_20141021T134434.mat,5,1,857.9073,0,
977.8893,Experiment4Metamer_ResponseGroup2.m,2,18,1,18,20,q,0,338,Data_4_2_20141021T134434.mat,5,2,977.8893,0,
706.8886,Experiment4Metamer_ResponseGroup2.m,1,13,2,3,19,p,0,339,Data_4_2_20141021T134434.mat,5,2,706.8886,0,
672.0319,Experiment4Metamer_ResponseGroup2.m,1,13,1,11,19,p,0,340,Data_4_2_20141021T134434.mat,5,1,672.0319,0,
864.8854,Experiment4Metamer_ResponseGroup2.m,2,9,2,13,20,q,0,341,Data_4_2_20141021T134434.mat,5,1,864.8854,0,
758.9447,Experiment4Metamer_ResponseGroup2.m,1,10,2,9,19,p,0,342,Data_4_2_20141021T134434.mat,5,2,758.9447,0,
1039.7167,Experiment4Metamer_ResponseGroup2.m,1,13,2,6,19,p,0,343,Data_4_2_20141021T134434.mat,5,2,1039.7167,0,
680.5149,Experiment4Metamer_ResponseGroup2.m,2,19,1,13,20,q,0,344,Data_4_2_20141021T134434.mat,5,2,680.5149,0,
658.9061,Experiment4Metamer_ResponseGroup2.m,1,3,2,6,19,p,0,346,Data_4_2_20141021T134434.mat,5,2,658.9061,0,
642.3156,Experiment4Metamer_ResponseGroup2.m,1,19,1,3,19,p,0,347,Data_4_2_20141021T134434.mat,5,1,642.3156,0,
764.6492,Experiment4Metamer_ResponseGroup2.m,2,9,2,20,20,q,0,349,Data_4_2_20141021T134434.mat,5,1,764.6492,0,
693.433,Experiment4Metamer_ResponseGroup2.m,2,10,1,9,20,q,0,350,Data_4_2_20141021T134434.mat,5,2,693.433,0,
796.9122,Experiment4Metamer_ResponseGroup2.m,2,15,1,4,20,q,0,351,Data_4_2_20141021T134434.mat,5,2,796.9122,0,
818.9973,Experiment4Metamer_ResponseGroup2.m,2,8,1,4,20,q,0,352,Data_4_2_20141021T134434.mat,5,2,818.9973,0,
613.7952,Experiment4Metamer_ResponseGroup2.m,2,6,2,8,20,q,0,353,Data_4_2_20141021T134434.mat,5,1,613.7952,0,
687.6612,Experiment4Metamer_ResponseGroup2.m,1,10,2,6,19,p,0,354,Data_4_2_20141021T134434.mat,5,2,687.6612,0,
856.77,Experiment4Metamer_ResponseGroup2.m,1,16,2,16,19,p,0,355,Data_4_2_20141021T134434.mat,5,2,856.77,0,
761.5542,Experiment4Metamer_ResponseGroup2.m,1,5,1,2,19,p,0,356,Data_4_2_20141021T134434.mat,5,1,761.5542,0,
840.369,Experiment4Metamer_ResponseGroup2.m,1,4,1,17,19,p,0,358,Data_4_2_20141021T134434.mat,5,1,840.369,0,
803.7254,Experiment4Metamer_ResponseGroup2.m,2,18,2,14,20,q,0,359,Data_4_2_20141021T134434.mat,5,1,803.7254,0,
892.6145,Experiment4Metamer_ResponseGroup2.m,2,12,2,15,20,q,0,360,Data_4_2_20141021T134434.mat,5,1,892.6145,0,
1220.4831,Experiment4Metamer_ResponseGroup2.m,1,14,1,17,19,p,0,361,Data_4_2_20141021T134434.mat,5,1,1220.4831,0,
650.8723,Experiment4Metamer_ResponseGroup2.m,2,6,2,1,20,q,0,362,Data_4_2_20141021T134434.mat,5,1,650.8723,0,
732.7983,Experiment4Metamer_ResponseGroup2.m,2,1,2,6,20,q,0,363,Data_4_2_20141021T134434.mat,5,1,732.7983,0,
1009.8937,Experiment4Metamer_ResponseGroup2.m,1,17,2,20,19,p,0,364,Data_4_2_20141021T134434.mat,5,2,1009.8937,0,
1147.4836,Experiment4Metamer_ResponseGroup2.m,1,10,1,13,19,p,0,365,Data_4_2_20141021T134434.mat,5,1,1147.4836,0,
678.8443,Experiment4Metamer_ResponseGroup2.m,2,5,2,14,20,q,0,366,Data_4_2_20141021T134434.mat,5,1,678.8443,0,
703.1306,Experiment4Metamer_ResponseGroup2.m,2,18,1,13,20,q,0,367,Data_4_2_20141021T134434.mat,5,2,703.1306,0,
753.0156,Experiment4Metamer_ResponseGroup2.m,1,16,2,18,19,p,0,368,Data_4_2_20141021T134434.mat,5,2,753.0156,0,
700.8337,Experiment4Metamer_ResponseGroup2.m,1,1,2,7,19,p,0,369,Data_4_2_20141021T134434.mat,5,2,700.8337,0,
759.051,Experiment4Metamer_ResponseGroup2.m,2,16,2,10,20,q,0,370,Data_4_2_20141021T134434.mat,5,1,759.051,0,
1076.4222,Experiment4Metamer_ResponseGroup2.m,1,20,2,8,19,p,0,371,Data_4_2_20141021T134434.mat,5,2,1076.4222,0,
853.6571,Experiment4Metamer_ResponseGroup2.m,1,7,2,9,19,p,0,373,Data_4_2_20141021T134434.mat,5,2,853.6571,0,
731.855,Experiment4Metamer_ResponseGroup2.m,1,8,1,4,19,p,0,374,Data_4_2_20141021T134434.mat,5,1,731.855,0,
645.3795,Experiment4Metamer_ResponseGroup2.m,2,4,2,20,20,q,0,375,Data_4_2_20141021T134434.mat,5,1,645.3795,0,
786.9828,Experiment4Metamer_ResponseGroup2.m,2,13,2,5,20,q,0,376,Data_4_2_20141021T134434.mat,5,1,786.9828,0,
755.0399,Experiment4Metamer_ResponseGroup2.m,1,17,1,16,19,p,0,377,Data_4_2_20141021T134434.mat,5,1,755.0399,0,
716.6618,Experiment4Metamer_ResponseGroup2.m,2,14,2,4,20,q,0,378,Data_4_2_20141021T134434.mat,5,1,716.6618,0,
1277.3422,Experiment4Metamer_ResponseGroup2.m,1,13,2,16,19,p,0,379,Data_4_2_20141021T134434.mat,5,2,1277.3422,0,
1270.814,Experiment4Metamer_ResponseGroup2.m,1,19,1,19,19,p,0,380,Data_4_2_20141021T134434.mat,5,1,1270.814,0,
1174.8838,Experiment4Metamer_ResponseGroup2.m,1,9,1,8,19,p,0,381,Data_4_2_20141021T134434.mat,5,1,1174.8838,0,
987.4887,Experiment4Metamer_ResponseGroup2.m,2,13,2,9,20,q,0,382,Data_4_2_20141021T134434.mat,5,1,987.4887,0,
879.0852,Experiment4Metamer_ResponseGroup2.m,2,3,1,7,20,q,0,383,Data_4_2_20141021T134434.mat,5,2,879.0852,0,
970.9183,Experiment4Metamer_ResponseGroup2.m,2,2,2,18,20,q,0,384,Data_4_2_20141021T134434.mat,5,1,970.9183,0,
1049.1894,Experiment4Metamer_ResponseGroup2.m,2,19,2,12,20,q,0,385,Data_4_2_20141021T134434.mat,5,1,1049.1894,0,
1148.8639,Experiment4Metamer_ResponseGroup2.m,1,16,2,8,19,p,0,387,Data_4_2_20141021T134434.mat,5,2,1148.8639,0,
767.0767,Experiment4Metamer_ResponseGroup2.m,1,13,1,9,19,p,0,388,Data_4_2_20141021T134434.mat,5,1,767.0767,0,
1188.0755,Experiment4Metamer_ResponseGroup2.m,1,8,2,10,19,p,0,389,Data_4_2_20141021T134434.mat,5,2,1188.0755,0,
837.5632,Experiment4Metamer_ResponseGroup2.m,1,4,1,18,19,p,0,391,Data_4_2_20141021T134434.mat,5,1,837.5632,0,
850.509,Experiment4Metamer_ResponseGroup2.m,1,2,2,9,19,p,0,392,Data_4_2_20141021T134434.mat,5,2,850.509,0,
1322.8304,Experiment4Metamer_ResponseGroup2.m,1,13,1,12,19,p,0,393,Data_4_2_20141021T134434.mat,5,1,1322.8304,0,
1123.6456,Experiment4Metamer_ResponseGroup2.m,1,17,1,16,19,p,0,394,Data_4_2_20141021T134434.mat,5,1,1123.6456,0,
1494.862,Experiment4Metamer_ResponseGroup2.m,2,3,2,18,20,q,0,395,Data_4_2_20141021T134434.mat,5,1,1494.862,0,
794.7031,Experiment4Metamer_ResponseGroup2.m,2,14,2,14,20,q,0,396,Data_4_2_20141021T134434.mat,5,1,794.7031,0,
628.7685,Experiment4Metamer_ResponseGroup2.m,2,4,1,5,20,q,0,397,Data_4_2_20141021T134434.mat,5,2,628.7685,0,
658.7516,Experiment4Metamer_ResponseGroup2.m,2,1,1,11,20,q,0,398,Data_4_2_20141021T134434.mat,5,2,658.7516,0,
730.9755,Experiment4Metamer_ResponseGroup2.m,1,17,2,6,19,p,0,399,Data_4_2_20141021T134434.mat,5,2,730.9755,0,
682.4451,Experiment4Metamer_ResponseGroup2.m,2,7,2,18,20,q,0,400,Data_4_2_20141021T134434.mat,5,1,682.4451,0,
896.4228,Experiment4Metamer_ResponseGroup2.m,1,13,2,3,19,p,0,401,Data_4_2_20141021T134434.mat,5,2,896.4228,0,
782.4444,Experiment4Metamer_ResponseGroup2.m,1,12,1,17,19,p,0,402,Data_4_2_20141021T134434.mat,5,1,782.4444,0,
711.4363,Experiment4Metamer_ResponseGroup2.m,2,19,2,17,20,q,0,403,Data_4_2_20141021T134434.mat,5,1,711.4363,0,
1359.786,Experiment4Metamer_ResponseGroup2.m,2,20,2,14,20,q,0,404,Data_4_2_20141021T134434.mat,5,1,1359.786,0,
735.5064,Experiment4Metamer_ResponseGroup2.m,1,7,2,7,19,p,0,405,Data_4_2_20141021T134434.mat,5,2,735.5064,0,
931.3148,Experiment4Metamer_ResponseGroup2.m,2,17,2,10,20,q,0,406,Data_4_2_20141021T134434.mat,5,1,931.3148,0,
799.814,Experiment4Metamer_ResponseGroup2.m,2,10,1,8,20,q,0,407,Data_4_2_20141021T134434.mat,5,2,799.814,0,
859.2075,Experiment4Metamer_ResponseGroup2.m,1,6,1,16,19,p,0,408,Data_4_2_20141021T134434.mat,5,1,859.2075,0,
773.2613,Experiment4Metamer_ResponseGroup2.m,2,14,2,9,20,q,0,409,Data_4_2_20141021T134434.mat,5,1,773.2613,0,
777.8005,Experiment4Metamer_ResponseGroup2.m,1,19,2,4,19,p,0,410,Data_4_2_20141021T134434.mat,5,2,777.8005,0,
835.1135,Experiment4Metamer_ResponseGroup2.m,1,8,1,1,19,p,0,411,Data_4_2_20141021T134434.mat,5,1,835.1135,0,
602.6271,Experiment4Metamer_ResponseGroup2.m,1,12,2,17,19,p,0,412,Data_4_2_20141021T134434.mat,5,2,602.6271,0,
667.1768,Experiment4Metamer_ResponseGroup2.m,1,6,2,12,19,p,0,413,Data_4_2_20141021T134434.mat,5,2,667.1768,0,
686.2373,Experiment4Metamer_ResponseGroup2.m,2,7,1,2,20,q,0,414,Data_4_2_20141021T134434.mat,5,2,686.2373,0,
894.0758,Experiment4Metamer_ResponseGroup2.m,1,16,2,12,19,p,0,415,Data_4_2_20141021T134434.mat,5,2,894.0758,0,
796.9988,Experiment4Metamer_ResponseGroup2.m,2,17,2,17,20,q,0,416,Data_4_2_20141021T134434.mat,5,1,796.9988,0,
854.0734,Experiment4Metamer_ResponseGroup2.m,1,4,1,5,19,p,0,418,Data_4_2_20141021T134434.mat,5,1,854.0734,0,
824.16,Experiment4Metamer_ResponseGroup2.m,1,18,2,16,19,p,0,419,Data_4_2_20141021T134434.mat,5,2,824.16,0,
647.135,Experiment4Metamer_ResponseGroup2.m,2,20,2,17,20,q,0,420,Data_4_2_20141021T134434.mat,5,1,647.135,0,
723.5784,Experiment4Metamer_ResponseGroup2.m,1,10,2,2,19,p,0,421,Data_4_2_20141021T134434.mat,5,2,723.5784,0,
712.814,Experiment4Metamer_ResponseGroup2.m,2,11,2,7,20,q,0,422,Data_4_2_20141021T134434.mat,5,1,712.814,0,
667.2032,Experiment4Metamer_ResponseGroup2.m,1,10,2,18,19,p,0,424,Data_4_2_20141021T134434.mat,5,2,667.2032,0,
647.0759,Experiment4Metamer_ResponseGroup2.m,2,15,2,9,20,q,0,425,Data_4_2_20141021T134434.mat,5,1,647.0759,0,
678.0293,Experiment4Metamer_ResponseGroup2.m,1,12,2,3,19,p,0,426,Data_4_2_20141021T134434.mat,5,2,678.0293,0,
853.2126,Experiment4Metamer_ResponseGroup2.m,2,9,1,1,20,q,0,427,Data_4_2_20141021T134434.mat,5,2,853.2126,0,
1028.0316,Experiment4Metamer_ResponseGroup2.m,1,8,2,18,19,p,0,428,Data_4_2_20141021T134434.mat,5,2,1028.0316,0,
742.0521,Experiment4Metamer_ResponseGroup2.m,2,14,1,20,20,q,0,429,Data_4_2_20141021T134434.mat,5,2,742.0521,0,
1124.9882,Experiment4Metamer_ResponseGroup2.m,1,5,2,5,19,p,0,430,Data_4_2_20141021T134434.mat,5,2,1124.9882,0,
816.7789,Experiment4Metamer_ResponseGroup2.m,1,1,1,13,19,p,0,431,Data_4_2_20141021T134434.mat,5,1,816.7789,0,
781.2298,Experiment4Metamer_ResponseGroup2.m,2,13,1,8,20,q,0,433,Data_4_2_20141021T134434.mat,5,2,781.2298,0,
939.6656,Experiment4Metamer_ResponseGroup2.m,2,6,1,3,20,q,0,434,Data_4_2_20141021T134434.mat,5,2,939.6656,0,
701.1371,Experiment4Metamer_ResponseGroup2.m,2,10,1,4,20,q,0,435,Data_4_2_20141021T134434.mat,5,2,701.1371,0,
904.7732,Experiment4Metamer_ResponseGroup2.m,2,7,2,7,20,q,0,436,Data_4_2_20141021T134434.mat,5,1,904.7732,0,
751.1406,Experiment4Metamer_ResponseGroup2.m,1,10,1,1,19,p,0,437,Data_4_2_20141021T134434.mat,5,1,751.1406,0,
728.0094,Experiment4Metamer_ResponseGroup2.m,2,5,1,20,20,q,0,438,Data_4_2_20141021T134434.mat,5,2,728.0094,0,
640.2379,Experiment4Metamer_ResponseGroup2.m,2,19,1,10,20,q,0,439,Data_4_2_20141021T134434.mat,5,2,640.2379,0,
892.253,Experiment4Metamer_ResponseGroup2.m,1,6,1,9,19,p,0,440,Data_4_2_20141021T134434.mat,5,1,892.253,0,
758.038,Experiment4Metamer_ResponseGroup2.m,2,10,1,18,20,q,0,441,Data_4_2_20141021T134434.mat,5,2,758.038,0,
1216.3855,Experiment4Metamer_ResponseGroup2.m,2,10,2,20,20,q,0,442,Data_4_2_20141021T134434.mat,5,1,1216.3855,0,
843.7564,Experiment4Metamer_ResponseGroup2.m,2,12,1,14,20,q,0,443,Data_4_2_20141021T134434.mat,5,2,843.7564,0,
569.2093,Experiment4Metamer_ResponseGroup2.m,2,3,1,3,20,q,0,444,Data_4_2_20141021T134434.mat,5,2,569.2093,0,
1102.3836,Experiment4Metamer_ResponseGroup2.m,1,17,1,4,19,p,0,445,Data_4_2_20141021T134434.mat,5,1,1102.3836,0,
1141.6586,Experiment4Metamer_ResponseGroup2.m,1,7,1,2,19,p,0,446,Data_4_2_20141021T134434.mat,5,1,1141.6586,0,
717.8479,Experiment4Metamer_ResponseGroup2.m,2,18,2,15,20,q,0,447,Data_4_2_20141021T134434.mat,5,1,717.8479,0,
596.5611,Experiment4Metamer_ResponseGroup2.m,2,3,1,8,20,q,0,448,Data_4_2_20141021T134434.mat,5,2,596.5611,0,
1014.2851,Experiment4Metamer_ResponseGroup2.m,2,20,1,1,20,q,0,449,Data_4_2_20141021T134434.mat,5,2,1014.2851,0,
1035.3085,Experiment4Metamer_ResponseGroup2.m,2,2,2,4,20,q,0,451,Data_4_2_20141021T134434.mat,5,1,1035.3085,0,
681.309,Experiment4Metamer_ResponseGroup2.m,1,7,2,2,19,p,0,452,Data_4_2_20141021T134434.mat,5,2,681.309,0,
755.9809,Experiment4Metamer_ResponseGroup2.m,1,15,2,13,19,p,0,453,Data_4_2_20141021T134434.mat,5,2,755.9809,0,
470.3986,Experiment4Metamer_ResponseGroup2.m,2,19,2,3,20,q,0,454,Data_4_2_20141021T134434.mat,5,1,470.3986,0,
1024.4848,Experiment4Metamer_ResponseGroup2.m,1,5,1,19,19,p,0,455,Data_4_2_20141021T134434.mat,5,1,1024.4848,0,
689.468,Experiment4Metamer_ResponseGroup2.m,2,20,1,4,20,q,0,457,Data_4_2_20141021T134434.mat,5,2,689.468,0,
657.3397,Experiment4Metamer_ResponseGroup2.m,2,19,2,19,20,q,0,458,Data_4_2_20141021T134434.mat,5,1,657.3397,0,
664.3643,Experiment4Metamer_ResponseGroup2.m,2,3,2,4,20,q,0,459,Data_4_2_20141021T134434.mat,5,1,664.3643,0,
836.2609,Experiment4Metamer_ResponseGroup2.m,1,11,2,17,19,p,0,460,Data_4_2_20141021T134434.mat,5,2,836.2609,0,
886.0425,Experiment4Metamer_ResponseGroup2.m,1,8,1,15,19,p,0,461,Data_4_2_20141021T134434.mat,5,1,886.0425,0,
789.178,Experiment4Metamer_ResponseGroup2.m,1,3,1,5,19,p,0,463,Data_4_2_20141021T134434.mat,5,1,789.178,0,
759.4191,Experiment4Metamer_ResponseGroup2.m,2,16,2,7,20,q,0,464,Data_4_2_20141021T134434.mat,5,1,759.4191,0,
738.3355,Experiment4Metamer_ResponseGroup2.m,1,2,2,9,19,p,0,465,Data_4_2_20141021T134434.mat,5,2,738.3355,0,
869.5707,Experiment4Metamer_ResponseGroup2.m,1,18,2,7,19,p,0,466,Data_4_2_20141021T134434.mat,5,2,869.5707,0,
562.5864,Experiment4Metamer_ResponseGroup2.m,2,10,1,8,20,q,0,467,Data_4_2_20141021T134434.mat,5,2,562.5864,0,
658.3497,Experiment4Metamer_ResponseGroup2.m,1,12,2,19,19,p,0,468,Data_4_2_20141021T134434.mat,5,2,658.3497,0,
1091.8142,Experiment4Metamer_ResponseGroup2.m,1,20,1,1,19,p,0,469,Data_4_2_20141021T134434.mat,5,1,1091.8142,0,
574.692,Experiment4Metamer_ResponseGroup2.m,2,15,2,19,20,q,0,470,Data_4_2_20141021T134434.mat,5,1,574.692,0,
754.6738,Experiment4Metamer_ResponseGroup2.m,2,16,1,18,20,q,0,471,Data_4_2_20141021T134434.mat,5,2,754.6738,0,
1163.78,Experiment4Metamer_ResponseGroup2.m,1,6,2,8,19,p,0,472,Data_4_2_20141021T134434.mat,5,2,1163.78,0,
753.5813,Experiment4Metamer_ResponseGroup2.m,2,15,2,10,20,q,0,474,Data_4_2_20141021T134434.mat,5,1,753.5813,0,
912.9935,Experiment4Metamer_ResponseGroup2.m,1,4,1,18,19,p,0,475,Data_4_2_20141021T134434.mat,5,1,912.9935,0,
758.4139,Experiment4Metamer_ResponseGroup2.m,1,8,2,16,19,p,0,476,Data_4_2_20141021T134434.mat,5,2,758.4139,0,
611.9386,Experiment4Metamer_ResponseGroup2.m,1,3,1,14,19,p,0,477,Data_4_2_20141021T134434.mat,5,1,611.9386,0,
822.6206,Experiment4Metamer_ResponseGroup2.m,1,12,2,20,19,p,0,478,Data_4_2_20141021T134434.mat,5,2,822.6206,0,
1062.89,Experiment4Metamer_ResponseGroup2.m,1,15,2,16,19,p,0,479,Data_4_2_20141021T134434.mat,5,2,1062.89,0,
1295.2986,Experiment4Metamer_ResponseGroup2.m,1,8,2,16,19,p,0,480,Data_4_2_20141021T134434.mat,5,2,1295.2986,0,
1543.4001,Experiment4Metamer_ResponseGroup2.m,2,1,2,5,20,q,0,482,Data_4_2_20141021T134434.mat,5,1,1543.4001,0,
1060.6632,Experiment4Metamer_ResponseGroup2.m,1,13,1,6,19,p,0,483,Data_4_2_20141021T134434.mat,5,1,1060.6632,0,
1010.0247,Experiment4Metamer_ResponseGroup2.m,1,9,1,4,19,p,0,484,Data_4_2_20141021T134434.mat,5,1,1010.0247,0,
975.1854,Experiment4Metamer_ResponseGroup2.m,2,8,1,9,20,q,0,485,Data_4_2_20141021T134434.mat,5,2,975.1854,0,
860.3857,Experiment4Metamer_ResponseGroup2.m,2,15,1,6,20,q,0,488,Data_4_2_20141021T134434.mat,5,2,860.3857,0,
975.7781,Experiment4Metamer_ResponseGroup2.m,2,4,2,11,20,q,0,489,Data_4_2_20141021T134434.mat,5,1,975.7781,0,
1198.5918,Experiment4Metamer_ResponseGroup2.m,2,12,2,10,20,q,0,490,Data_4_2_20141021T134434.mat,5,1,1198.5918,0,
1425.0336,Experiment4Metamer_ResponseGroup2.m,2,2,2,3,20,q,0,491,Data_4_2_20141021T134434.mat,5,1,1425.0336,0,
813.3466,Experiment4Metamer_ResponseGroup2.m,2,9,1,20,20,q,0,492,Data_4_2_20141021T134434.mat,5,2,813.3466,0,
974.0023,Experiment4Metamer_ResponseGroup2.m,2,14,1,7,20,q,0,493,Data_4_2_20141021T134434.mat,5,2,974.0023,0,
1002.1291,Experiment4Metamer_ResponseGroup2.m,1,9,2,19,19,p,0,495,Data_4_2_20141021T134434.mat,5,2,1002.1291,0,
909.9816,Experiment4Metamer_ResponseGroup2.m,2,11,1,10,20,q,0,496,Data_4_2_20141021T134434.mat,5,2,909.9816,0,
992.6535,Experiment4Metamer_ResponseGroup2.m,2,5,1,2,20,q,0,497,Data_4_2_20141021T134434.mat,5,2,992.6535,0,
780.7379,Experiment4Metamer_ResponseGroup2.m,2,11,1,3,20,q,0,500,Data_4_2_20141021T134434.mat,5,2,780.7379,0,
1033.1276,Experiment4Metamer_ResponseGroup2.m,2,13,1,17,20,q,0,501,Data_4_2_20141021T134434.mat,5,2,1033.1276,0,
1304.1503,Experiment4Metamer_ResponseGroup2.m,1,2,2,15,19,p,0,502,Data_4_2_20141021T134434.mat,5,2,1304.1503,0,
830.1169,Experiment4Metamer_ResponseGroup2.m,2,11,1,8,20,q,0,505,Data_4_2_20141021T134434.mat,5,2,830.1169,0,
881.3355,Experiment4Metamer_ResponseGroup2.m,2,4,1,7,20,q,0,506,Data_4_2_20141021T134434.mat,5,2,881.3355,0,
734.178,Experiment4Metamer_ResponseGroup2.m,2,1,1,7,20,q,0,507,Data_4_2_20141021T134434.mat,5,2,734.178,0,
1016.9435,Experiment4Metamer_ResponseGroup2.m,1,20,1,18,19,p,0,509,Data_4_2_20141021T134434.mat,5,1,1016.9435,0,
1321.5124,Experiment4Metamer_ResponseGroup2.m,1,18,1,14,19,p,0,510,Data_4_2_20141021T134434.mat,5,1,1321.5124,0,
775.224,Experiment4Metamer_ResponseGroup2.m,1,14,2,19,19,p,0,511,Data_4_2_20141021T134434.mat,5,2,775.224,0,
831.3885,Experiment4Metamer_ResponseGroup2.m,2,3,1,16,20,q,0,512,Data_4_2_20141021T134434.mat,5,2,831.3885,0,
824.3533,Experiment4Metamer_ResponseGroup2.m,2,7,1,10,20,q,0,513,Data_4_2_20141021T134434.mat,5,2,824.3533,0,
1181.2061,Experiment4Metamer_ResponseGroup2.m,1,3,1,4,19,p,0,514,Data_4_2_20141021T134434.mat,5,1,1181.2061,0,
790.9711,Experiment4Metamer_ResponseGroup2.m,2,4,1,4,20,q,0,515,Data_4_2_20141021T134434.mat,5,2,790.9711,0,
1085.7053,Experiment4Metamer_ResponseGroup2.m,2,3,2,6,20,q,0,516,Data_4_2_20141021T134434.mat,5,1,1085.7053,0,
963.1546,Experiment4Metamer_ResponseGroup2.m,1,4,1,1,19,p,0,517,Data_4_2_20141021T134434.mat,5,1,963.1546,0,
1034.2524,Experiment4Metamer_ResponseGroup2.m,1,6,2,20,19,p,0,519,Data_4_2_20141021T134434.mat,5,2,1034.2524,0,
719.4383,Experiment4Metamer_ResponseGroup2.m,1,6,2,4,19,p,0,520,Data_4_2_20141021T134434.mat,5,2,719.4383,0,
1317.4802,Experiment4Metamer_ResponseGroup2.m,2,15,2,8,20,q,0,521,Data_4_2_20141021T134434.mat,5,1,1317.4802,0,
957.3294,Experiment4Metamer_ResponseGroup2.m,1,12,2,19,19,p,0,522,Data_4_2_20141021T134434.mat,5,2,957.3294,0,
1177.1916,Experiment4Metamer_ResponseGroup2.m,2,11,2,8,20,q,0,523,Data_4_2_20141021T134434.mat,5,1,1177.1916,0,
615.1968,Experiment4Metamer_ResponseGroup2.m,1,12,1,16,19,p,0,524,Data_4_2_20141021T134434.mat,5,1,615.1968,0,
546.7018,Experiment4Metamer_ResponseGroup2.m,2,15,2,6,20,q,0,525,Data_4_2_20141021T134434.mat,5,1,546.7018,0,
855.5804,Experiment4Metamer_ResponseGroup2.m,1,15,2,6,19,p,0,526,Data_4_2_20141021T134434.mat,5,2,855.5804,0,
750.8406,Experiment4Metamer_ResponseGroup2.m,1,18,2,5,19,p,0,527,Data_4_2_20141021T134434.mat,5,2,750.8406,0,
1107.9909,Experiment4Metamer_ResponseGroup2.m,2,14,1,5,20,q,0,528,Data_4_2_20141021T134434.mat,5,2,1107.9909,0,
1332.7851,Experiment4Metamer_ResponseGroup2.m,1,17,1,8,19,p,0,529,Data_4_2_20141021T134434.mat,5,1,1332.7851,0,
1255.4039,Experiment4Metamer_ResponseGroup2.m,1,20,1,11,19,p,0,530,Data_4_2_20141021T134434.mat,5,1,1255.4039,0,
1258.5528,Experiment4Metamer_ResponseGroup2.m,1,12,1,11,19,p,0,531,Data_4_2_20141021T134434.mat,5,1,1258.5528,0,
1153.3697,Experiment4Metamer_ResponseGroup2.m,1,19,2,2,19,p,0,532,Data_4_2_20141021T134434.mat,5,2,1153.3697,0,
688.7523,Experiment4Metamer_ResponseGroup2.m,1,12,1,1,19,p,0,533,Data_4_2_20141021T134434.mat,5,1,688.7523,0,
693.7729,Experiment4Metamer_ResponseGroup2.m,2,1,2,13,20,q,0,534,Data_4_2_20141021T134434.mat,5,1,693.7729,0,
961.3327,Experiment4Metamer_ResponseGroup2.m,1,15,2,13,19,p,0,536,Data_4_2_20141021T134434.mat,5,2,961.3327,0,
815.1695,Experiment4Metamer_ResponseGroup2.m,2,3,2,13,20,q,0,537,Data_4_2_20141021T134434.mat,5,1,815.1695,0,
817.5985,Experiment4Metamer_ResponseGroup2.m,2,9,2,15,20,q,0,538,Data_4_2_20141021T134434.mat,5,1,817.5985,0,
593.8209,Experiment4Metamer_ResponseGroup2.m,1,17,2,19,19,p,0,539,Data_4_2_20141021T134434.mat,5,2,593.8209,0,
1025.4556,Experiment4Metamer_ResponseGroup2.m,1,15,2,11,19,p,0,540,Data_4_2_20141021T134434.mat,5,2,1025.4556,0,
781.5162,Experiment4Metamer_ResponseGroup2.m,2,5,2,14,20,q,0,541,Data_4_2_20141021T134434.mat,5,1,781.5162,0,
943.7169,Experiment4Metamer_ResponseGroup2.m,1,19,1,19,19,p,0,542,Data_4_2_20141021T134434.mat,5,1,943.7169,0,
715.135,Experiment4Metamer_ResponseGroup2.m,2,9,1,13,20,q,0,543,Data_4_2_20141021T134434.mat,5,2,715.135,0,
702.2262,Experiment4Metamer_ResponseGroup2.m,2,7,1,16,20,q,0,544,Data_4_2_20141021T134434.mat,5,2,702.2262,0,
1320.0554,Experiment4Metamer_ResponseGroup2.m,2,11,2,16,20,q,0,545,Data_4_2_20141021T134434.mat,5,1,1320.0554,0,
658.1535,Experiment4Metamer_ResponseGroup2.m,1,13,1,9,19,p,0,546,Data_4_2_20141021T134434.mat,5,1,658.1535,0,
1264.9335,Experiment4Metamer_ResponseGroup2.m,1,10,2,7,19,p,0,547,Data_4_2_20141021T134434.mat,5,2,1264.9335,0,
810.7256,Experiment4Metamer_ResponseGroup2.m,1,18,1,5,19,p,0,549,Data_4_2_20141021T134434.mat,5,1,810.7256,0,
909.2874,Experiment4Metamer_ResponseGroup2.m,1,20,1,12,19,p,0,551,Data_4_2_20141021T134434.mat,5,1,909.2874,0,
795.2629,Experiment4Metamer_ResponseGroup2.m,2,17,1,10,20,q,0,552,Data_4_2_20141021T134434.mat,5,2,795.2629,0,
611.879,Experiment4Metamer_ResponseGroup2.m,1,19,2,4,19,p,0,553,Data_4_2_20141021T134434.mat,5,2,611.879,0,
1014.1298,Experiment4Metamer_ResponseGroup2.m,2,16,1,4,20,q,0,554,Data_4_2_20141021T134434.mat,5,2,1014.1298,0,
908.3092,Experiment4Metamer_ResponseGroup2.m,1,17,1,20,19,p,0,555,Data_4_2_20141021T134434.mat,5,1,908.3092,0,
1042.7996,Experiment4Metamer_ResponseGroup2.m,1,17,2,13,19,p,0,556,Data_4_2_20141021T134434.mat,5,2,1042.7996,0,
1034.8369,Experiment4Metamer_ResponseGroup2.m,2,14,2,15,20,q,0,557,Data_4_2_20141021T134434.mat,5,1,1034.8369,0,
932.5847,Experiment4Metamer_ResponseGroup2.m,1,5,2,12,19,p,0,559,Data_4_2_20141021T134434.mat,5,2,932.5847,0,
713.0968,Experiment4Metamer_ResponseGroup2.m,2,2,2,8,20,q,0,561,Data_4_2_20141021T134434.mat,5,1,713.0968,0,
786.8736,Experiment4Metamer_ResponseGroup2.m,2,8,1,12,20,q,0,562,Data_4_2_20141021T134434.mat,5,2,786.8736,0,
747.9669,Experiment4Metamer_ResponseGroup2.m,2,18,1,11,20,q,0,563,Data_4_2_20141021T134434.mat,5,2,747.9669,0,
783.6563,Experiment4Metamer_ResponseGroup2.m,2,15,1,12,20,q,0,564,Data_4_2_20141021T134434.mat,5,2,783.6563,0,
896.8337,Experiment4Metamer_ResponseGroup2.m,2,19,2,1,20,q,0,565,Data_4_2_20141021T134434.mat,5,1,896.8337,0,
922.7961,Experiment4Metamer_ResponseGroup2.m,1,16,2,12,19,p,0,567,Data_4_2_20141021T134434.mat,5,2,922.7961,0,
1033.258,Experiment4Metamer_ResponseGroup2.m,2,10,2,16,20,q,0,568,Data_4_2_20141021T134434.mat,5,1,1033.258,0,
660.0803,Experiment4Metamer_ResponseGroup2.m,1,3,2,2,19,p,0,569,Data_4_2_20141021T134434.mat,5,2,660.0803,0,
555.7905,Experiment4Metamer_ResponseGroup2.m,2,1,2,13,20,q,0,570,Data_4_2_20141021T134434.mat,5,1,555.7905,0,
832.0333,Experiment4Metamer_ResponseGroup2.m,1,15,1,10,19,p,0,571,Data_4_2_20141021T134434.mat,5,1,832.0333,0,
595.9825,Experiment4Metamer_ResponseGroup2.m,2,1,2,19,20,q,0,572,Data_4_2_20141021T134434.mat,5,1,595.9825,0,
606.7759,Experiment4Metamer_ResponseGroup2.m,2,1,1,16,20,q,0,573,Data_4_2_20141021T134434.mat,5,2,606.7759,0,
672.6385,Experiment4Metamer_ResponseGroup2.m,1,5,1,1,19,p,0,574,Data_4_2_20141021T134434.mat,5,1,672.6385,0,
549.6436,Experiment4Metamer_ResponseGroup2.m,2,20,1,16,20,q,0,575,Data_4_2_20141021T134434.mat,5,2,549.6436,0,
583.2501,Experiment4Metamer_ResponseGroup2.m,1,6,2,13,19,p,0,576,Data_4_2_20141021T134434.mat,5,2,583.2501,0,
619.7189,Experiment4Metamer_ResponseGroup2.m,2,10,1,14,20,q,0,577,Data_4_2_20141021T134434.mat,5,2,619.7189,0,
828.5826,Experiment4Metamer_ResponseGroup2.m,2,16,1,6,20,q,0,578,Data_4_2_20141021T134434.mat,5,2,828.5826,0,
790.9856,Experiment4Metamer_ResponseGroup2.m,2,5,1,16,20,q,0,579,Data_4_2_20141021T134434.mat,5,2,790.9856,0,
573.8716,Experiment4Metamer_ResponseGroup2.m,1,19,2,5,19,p,0,580,Data_4_2_20141021T134434.mat,5,2,573.8716,0,
810.2147,Experiment4Metamer_ResponseGroup2.m,2,1,2,8,20,q,0,581,Data_4_2_20141021T134434.mat,5,1,810.2147,0,
767.2473,Experiment4Metamer_ResponseGroup2.m,1,12,2,10,19,p,0,582,Data_4_2_20141021T134434.mat,5,2,767.2473,0,
609.497,Experiment4Metamer_ResponseGroup2.m,2,9,2,9,20,q,0,583,Data_4_2_20141021T134434.mat,5,1,609.497,0,
766.2345,Experiment4Metamer_ResponseGroup2.m,2,13,2,5,20,q,0,584,Data_4_2_20141021T134434.mat,5,1,766.2345,0,
860.0258,Experiment4Metamer_ResponseGroup2.m,2,14,1,20,20,q,0,586,Data_4_2_20141021T134434.mat,5,2,860.0258,0,
992.3363,Experiment4Metamer_ResponseGroup2.m,2,4,1,7,20,q,0,587,Data_4_2_20141021T134434.mat,5,2,992.3363,0,
914.1146,Experiment4Metamer_ResponseGroup2.m,2,17,1,9,20,q,0,588,Data_4_2_20141021T134434.mat,5,2,914.1146,0,
717.575,Experiment4Metamer_ResponseGroup2.m,1,1,2,13,19,p,0,589,Data_4_2_20141021T134434.mat,5,2,717.575,0,
937.4021,Experiment4Metamer_ResponseGroup2.m,2,14,1,19,20,q,0,590,Data_4_2_20141021T134434.mat,5,2,937.4021,0,
853.067,Experiment4Metamer_ResponseGroup2.m,1,19,2,5,19,p,0,591,Data_4_2_20141021T134434.mat,5,2,853.067,0,
1202.9968,Experiment4Metamer_ResponseGroup2.m,1,7,1,17,19,p,0,592,Data_4_2_20141021T134434.mat,5,1,1202.9968,0,
824.8429,Experiment4Metamer_ResponseGroup2.m,2,9,2,20,20,q,0,593,Data_4_2_20141021T134434.mat,5,1,824.8429,0,
765.3834,Experiment4Metamer_ResponseGroup2.m,1,16,2,14,19,p,0,594,Data_4_2_20141021T134434.mat,5,2,765.3834,0,
819.1848,Experiment4Metamer_ResponseGroup2.m,2,14,1,2,20,q,0,595,Data_4_2_20141021T134434.mat,5,2,819.1848,0,
718.4165,Experiment4Metamer_ResponseGroup2.m,1,15,2,13,19,p,0,596,Data_4_2_20141021T134434.mat,5,2,718.4165,0,
875.5222,Experiment4Metamer_ResponseGroup2.m,2,20,1,15,20,q,0,597,Data_4_2_20141021T134434.mat,5,2,875.5222,0,
634.8919,Experiment4Metamer_ResponseGroup2.m,1,17,1,7,19,p,0,599,Data_4_2_20141021T134434.mat,5,1,634.8919,0,
584.8664,Experiment4Metamer_ResponseGroup2.m,1,15,2,14,19,p,0,600,Data_4_2_20141021T134434.mat,5,2,584.8664,0,
754.8477,Experiment4Metamer_ResponseGroup2.m,1,3,1,12,19,p,0,601,Data_4_2_20141021T134434.mat,5,1,754.8477,0,
909.621,Experiment4Metamer_ResponseGroup2.m,1,15,1,19,19,p,0,602,Data_4_2_20141021T134434.mat,5,1,909.621,0,
781.8354,Experiment4Metamer_ResponseGroup2.m,1,5,1,9,19,p,0,603,Data_4_2_20141021T134434.mat,5,1,781.8354,0,
658.0695,Experiment4Metamer_ResponseGroup2.m,2,11,2,3,20,q,0,604,Data_4_2_20141021T134434.mat,5,1,658.0695,0,
744.865,Experiment4Metamer_ResponseGroup2.m,2,12,1,6,20,q,0,605,Data_4_2_20141021T134434.mat,5,2,744.865,0,
796.0322,Experiment4Metamer_ResponseGroup2.m,1,10,1,15,19,p,0,606,Data_4_2_20141021T134434.mat,5,1,796.0322,0,
1505.9226,Experiment4Metamer_ResponseGroup2.m,1,16,1,3,19,p,0,607,Data_4_2_20141021T134434.mat,5,1,1505.9226,0,
626.492,Experiment4Metamer_ResponseGroup2.m,2,14,1,14,20,q,0,608,Data_4_2_20141021T134434.mat,5,2,626.492,0,
1344.2869,Experiment4Metamer_ResponseGroup2.m,2,7,2,17,20,q,0,609,Data_4_2_20141021T134434.mat,5,1,1344.2869,0,
592.5137,Experiment4Metamer_ResponseGroup2.m,1,5,2,13,19,p,0,610,Data_4_2_20141021T134434.mat,5,2,592.5137,0,
723.9953,Experiment4Metamer_ResponseGroup2.m,2,17,1,6,20,q,0,611,Data_4_2_20141021T134434.mat,5,2,723.9953,0,
757.1542,Experiment4Metamer_ResponseGroup2.m,1,2,2,17,19,p,0,612,Data_4_2_20141021T134434.mat,5,2,757.1542,0,
873.3739,Experiment4Metamer_ResponseGroup2.m,1,14,2,12,19,p,0,613,Data_4_2_20141021T134434.mat,5,2,873.3739,0,
1108.848,Experiment4Metamer_ResponseGroup2.m,2,3,2,2,20,q,0,614,Data_4_2_20141021T134434.mat,5,1,1108.848,0,
760.286,Experiment4Metamer_ResponseGroup2.m,1,19,2,1,19,p,0,615,Data_4_2_20141021T134434.mat,5,2,760.286,0,
1334.3874,Experiment4Metamer_ResponseGroup2.m,1,18,1,17,19,p,0,616,Data_4_2_20141021T134434.mat,5,1,1334.3874,0,
1020.6655,Experiment4Metamer_ResponseGroup2.m,1,6,1,16,19,p,0,617,Data_4_2_20141021T134434.mat,5,1,1020.6655,0,
1288.243,Experiment4Metamer_ResponseGroup2.m,1,19,2,7,19,p,0,618,Data_4_2_20141021T134434.mat,5,2,1288.243,0,
826.5071,Experiment4Metamer_ResponseGroup2.m,1,15,1,12,19,p,0,619,Data_4_2_20141021T134434.mat,5,1,826.5071,0,
886.8224,Experiment4Metamer_ResponseGroup2.m,1,11,2,2,19,p,0,620,Data_4_2_20141021T134434.mat,5,2,886.8224,0,
890.9203,Experiment4Metamer_ResponseGroup2.m,2,7,1,18,20,q,0,621,Data_4_2_20141021T134434.mat,5,2,890.9203,0,
783.7209,Experiment4Metamer_ResponseGroup2.m,1,16,2,15,19,p,0,622,Data_4_2_20141021T134434.mat,5,2,783.7209,0,
882.0842,Experiment4Metamer_ResponseGroup2.m,2,14,1,15,20,q,0,624,Data_4_2_20141021T134434.mat,5,2,882.0842,0,
1040.1852,Experiment4Metamer_ResponseGroup2.m,2,13,1,8,20,q,0,625,Data_4_2_20141021T134434.mat,5,2,1040.1852,0,
685.1381,Experiment4Metamer_ResponseGroup2.m,2,6,2,20,20,q,0,626,Data_4_2_20141021T134434.mat,5,1,685.1381,0,
833.8458,Experiment4Metamer_ResponseGroup2.m,2,2,2,9,20,q,0,628,Data_4_2_20141021T134434.mat,5,1,833.8458,0,
1225.2725,Experiment4Metamer_ResponseGroup2.m,2,12,2,12,20,q,0,629,Data_4_2_20141021T134434.mat,5,1,1225.2725,0,
896.1669,Experiment4Metamer_ResponseGroup2.m,2,11,2,6,20,q,0,630,Data_4_2_20141021T134434.mat,5,1,896.1669,0,
1420.3179,Experiment4Metamer_ResponseGroup2.m,1,3,1,6,19,p,0,631,Data_4_2_20141021T134434.mat,5,1,1420.3179,0,
771.9746,Experiment4Metamer_ResponseGroup2.m,2,16,1,19,20,q,0,633,Data_4_2_20141021T134434.mat,5,2,771.9746,0,
618.2217,Experiment4Metamer_ResponseGroup2.m,2,19,2,20,20,q,0,634,Data_4_2_20141021T134434.mat,5,1,618.2217,0,
636.6262,Experiment4Metamer_ResponseGroup2.m,1,5,1,9,19,p,0,635,Data_4_2_20141021T134434.mat,5,1,636.6262,0,
633.2321,Experiment4Metamer_ResponseGroup2.m,1,20,2,17,19,p,0,636,Data_4_2_20141021T134434.mat,5,2,633.2321,0,
670.4647,Experiment4Metamer_ResponseGroup2.m,1,5,1,2,19,p,0,637,Data_4_2_20141021T134434.mat,5,1,670.4647,0,
1276.1279,Experiment4Metamer_ResponseGroup2.m,2,18,2,14,20,q,0,639,Data_4_2_20141021T134434.mat,5,1,1276.1279,0,
672.8203,Experiment4Metamer_ResponseGroup2.m,1,2,1,6,19,p,0,640,Data_4_2_20141021T134434.mat,5,1,672.8203,0,
809.7861,Experiment4Metamer_ResponseGroup2.m,1,14,2,19,19,p,0,641,Data_4_2_20141021T134434.mat,5,2,809.7861,0,
1365.0864,Experiment4Metamer_ResponseGroup2.m,1,6,1,13,19,p,0,642,Data_4_2_20141021T134434.mat,5,1,1365.0864,0,
903.6856,Experiment4Metamer_ResponseGroup2.m,1,5,2,14,19,p,0,643,Data_4_2_20141021T134434.mat,5,2,903.6856,0,
824.7899,Experiment4Metamer_ResponseGroup2.m,1,19,1,13,19,p,0,644,Data_4_2_20141021T134434.mat,5,1,824.7899,0,
809.3207,Experiment4Metamer_ResponseGroup2.m,1,17,2,11,19,p,0,645,Data_4_2_20141021T134434.mat,5,2,809.3207,0,
862.1412,Experiment4Metamer_ResponseGroup2.m,1,18,2,1,19,p,0,646,Data_4_2_20141021T134434.mat,5,2,862.1412,0,
908.3315,Experiment4Metamer_ResponseGroup2.m,1,9,2,6,19,p,0,647,Data_4_2_20141021T134434.mat,5,2,908.3315,0,
670.3521,Experiment4Metamer_ResponseGroup2.m,2,11,1,3,20,q,0,648,Data_4_2_20141021T134434.mat,5,2,670.3521,0,
585.8293,Experiment4Metamer_ResponseGroup2.m,2,19,1,12,20,q,0,649,Data_4_2_20141021T134434.mat,5,2,585.8293,0,
629.3796,Experiment4Metamer_ResponseGroup2.m,1,10,2,4,19,p,0,650,Data_4_2_20141021T134434.mat,5,2,629.3796,0,
