RT,expName,currWordCategory,currWordNumber,currImageCategory,currImageNumber,pressedKeyNum,pressedKeyName,error,currTrial,fileName,sid,CongruentOrNot,errorCount,trimData,outlier,
913.0527,Experiment4Metamer_ResponseGroup1.m,2,5,1,2,19,p,0,11,Data_7_1_20141022T140427.mat,11,2,0,913.0527,0,
551.5074,Experiment4Metamer_ResponseGroup1.m,1,20,2,5,20,q,0,12,Data_7_1_20141022T140427.mat,11,2,0,551.5074,0,
593.472,Experiment4Metamer_ResponseGroup1.m,2,11,1,17,19,p,0,13,Data_7_1_20141022T140427.mat,11,2,0,593.472,0,
604.4741,Experiment4Metamer_ResponseGroup1.m,1,10,2,6,20,q,0,14,Data_7_1_20141022T140427.mat,11,2,0,604.4741,0,
550.0472,Experiment4Metamer_ResponseGroup1.m,1,11,2,9,20,q,0,15,Data_7_1_20141022T140427.mat,11,2,0,550.0472,0,
712.5924,Experiment4Metamer_ResponseGroup1.m,2,7,2,5,19,p,0,17,Data_7_1_20141022T140427.mat,11,1,0,712.5924,0,
871.1531,Experiment4Metamer_ResponseGroup1.m,2,19,2,7,19,p,0,19,Data_7_1_20141022T140427.mat,11,1,0,871.1531,0,
620.8232,Experiment4Metamer_ResponseGroup1.m,1,8,1,17,20,q,0,20,Data_7_1_20141022T140427.mat,11,1,0,620.8232,0,
635.6118,Experiment4Metamer_ResponseGroup1.m,2,8,1,20,19,p,0,21,Data_7_1_20141022T140427.mat,11,2,0,635.6118,0,
552.1683,Experiment4Metamer_ResponseGroup1.m,1,10,1,12,20,q,0,22,Data_7_1_20141022T140427.mat,11,1,0,552.1683,0,
851.7413,Experiment4Metamer_ResponseGroup1.m,1,14,1,2,20,q,0,23,Data_7_1_20141022T140427.mat,11,1,0,851.7413,0,
635.9469,Experiment4Metamer_ResponseGroup1.m,2,4,1,18,19,p,0,24,Data_7_1_20141022T140427.mat,11,2,0,635.9469,0,
914.6109,Experiment4Metamer_ResponseGroup1.m,1,1,2,6,20,q,0,25,Data_7_1_20141022T140427.mat,11,2,0,914.6109,0,
632.2846,Experiment4Metamer_ResponseGroup1.m,2,4,1,4,19,p,0,26,Data_7_1_20141022T140427.mat,11,2,0,632.2846,0,
975.86,Experiment4Metamer_ResponseGroup1.m,1,12,1,1,20,q,0,27,Data_7_1_20141022T140427.mat,11,1,0,975.86,0,
669.8796,Experiment4Metamer_ResponseGroup1.m,1,4,1,7,20,q,0,28,Data_7_1_20141022T140427.mat,11,1,0,669.8796,0,
637.8974,Experiment4Metamer_ResponseGroup1.m,2,6,1,16,19,p,0,29,Data_7_1_20141022T140427.mat,11,2,0,637.8974,0,
783.2902,Experiment4Metamer_ResponseGroup1.m,2,4,1,6,19,p,0,30,Data_7_1_20141022T140427.mat,11,2,0,783.2902,0,
877.2415,Experiment4Metamer_ResponseGroup1.m,2,20,1,10,19,p,0,31,Data_7_1_20141022T140427.mat,11,2,0,877.2415,0,
653.1395,Experiment4Metamer_ResponseGroup1.m,1,11,2,5,20,q,0,32,Data_7_1_20141022T140427.mat,11,2,0,653.1395,0,
655.2043,Experiment4Metamer_ResponseGroup1.m,2,2,1,16,19,p,0,33,Data_7_1_20141022T140427.mat,11,2,0,655.2043,0,
612.4626,Experiment4Metamer_ResponseGroup1.m,2,12,1,2,19,p,0,34,Data_7_1_20141022T140427.mat,11,2,0,612.4626,0,
500.2885,Experiment4Metamer_ResponseGroup1.m,2,11,2,5,19,p,0,35,Data_7_1_20141022T140427.mat,11,1,0,500.2885,0,
519.8804,Experiment4Metamer_ResponseGroup1.m,2,8,2,19,19,p,0,36,Data_7_1_20141022T140427.mat,11,1,0,519.8804,0,
517.0764,Experiment4Metamer_ResponseGroup1.m,2,2,1,10,19,p,0,37,Data_7_1_20141022T140427.mat,11,2,0,517.0764,0,
542.3961,Experiment4Metamer_ResponseGroup1.m,2,16,2,8,19,p,0,38,Data_7_1_20141022T140427.mat,11,1,0,542.3961,0,
533.3997,Experiment4Metamer_ResponseGroup1.m,1,15,2,9,20,q,0,39,Data_7_1_20141022T140427.mat,11,2,0,533.3997,0,
668.3011,Experiment4Metamer_ResponseGroup1.m,1,19,1,6,20,q,0,40,Data_7_1_20141022T140427.mat,11,1,0,668.3011,0,
591.9225,Experiment4Metamer_ResponseGroup1.m,1,13,1,5,20,q,0,41,Data_7_1_20141022T140427.mat,11,1,0,591.9225,0,
523.0558,Experiment4Metamer_ResponseGroup1.m,1,13,1,6,20,q,0,42,Data_7_1_20141022T140427.mat,11,1,0,523.0558,0,
580.3082,Experiment4Metamer_ResponseGroup1.m,2,15,2,14,19,p,0,43,Data_7_1_20141022T140427.mat,11,1,0,580.3082,0,
576.2364,Experiment4Metamer_ResponseGroup1.m,2,18,2,19,19,p,0,44,Data_7_1_20141022T140427.mat,11,1,0,576.2364,0,
620.0504,Experiment4Metamer_ResponseGroup1.m,1,20,1,7,20,q,0,45,Data_7_1_20141022T140427.mat,11,1,0,620.0504,0,
516.5405,Experiment4Metamer_ResponseGroup1.m,1,13,2,3,20,q,0,47,Data_7_1_20141022T140427.mat,11,2,0,516.5405,0,
924.5598,Experiment4Metamer_ResponseGroup1.m,1,2,2,18,20,q,0,48,Data_7_1_20141022T140427.mat,11,2,0,924.5598,0,
753.5523,Experiment4Metamer_ResponseGroup1.m,1,3,1,10,20,q,0,49,Data_7_1_20141022T140427.mat,11,1,0,753.5523,0,
731.6051,Experiment4Metamer_ResponseGroup1.m,2,12,1,9,19,p,0,50,Data_7_1_20141022T140427.mat,11,2,0,731.6051,0,
657.2182,Experiment4Metamer_ResponseGroup1.m,1,5,1,15,20,q,0,51,Data_7_1_20141022T140427.mat,11,1,0,657.2182,0,
587.4914,Experiment4Metamer_ResponseGroup1.m,1,11,1,10,20,q,0,52,Data_7_1_20141022T140427.mat,11,1,0,587.4914,0,
736.0484,Experiment4Metamer_ResponseGroup1.m,1,2,2,9,20,q,0,53,Data_7_1_20141022T140427.mat,11,2,0,736.0484,0,
611.6869,Experiment4Metamer_ResponseGroup1.m,1,5,2,2,20,q,0,54,Data_7_1_20141022T140427.mat,11,2,0,611.6869,0,
582.0932,Experiment4Metamer_ResponseGroup1.m,2,7,2,18,19,p,0,55,Data_7_1_20141022T140427.mat,11,1,0,582.0932,0,
661.6817,Experiment4Metamer_ResponseGroup1.m,1,11,1,15,20,q,0,57,Data_7_1_20141022T140427.mat,11,1,0,661.6817,0,
658.6175,Experiment4Metamer_ResponseGroup1.m,2,16,1,8,19,p,0,58,Data_7_1_20141022T140427.mat,11,2,0,658.6175,0,
547.3756,Experiment4Metamer_ResponseGroup1.m,1,4,1,17,20,q,0,59,Data_7_1_20141022T140427.mat,11,1,0,547.3756,0,
614.9062,Experiment4Metamer_ResponseGroup1.m,1,15,1,10,20,q,0,60,Data_7_1_20141022T140427.mat,11,1,0,614.9062,0,
677.1346,Experiment4Metamer_ResponseGroup1.m,2,3,2,12,19,p,0,61,Data_7_1_20141022T140427.mat,11,1,0,677.1346,0,
706.8972,Experiment4Metamer_ResponseGroup1.m,1,7,2,20,20,q,0,62,Data_7_1_20141022T140427.mat,11,2,0,706.8972,0,
825.3182,Experiment4Metamer_ResponseGroup1.m,1,16,2,1,20,q,0,63,Data_7_1_20141022T140427.mat,11,2,0,825.3182,0,
700.2911,Experiment4Metamer_ResponseGroup1.m,2,18,2,14,19,p,0,64,Data_7_1_20141022T140427.mat,11,1,0,700.2911,0,
786.37,Experiment4Metamer_ResponseGroup1.m,1,18,1,9,20,q,0,65,Data_7_1_20141022T140427.mat,11,1,0,786.37,0,
843.5037,Experiment4Metamer_ResponseGroup1.m,2,2,2,4,19,p,0,66,Data_7_1_20141022T140427.mat,11,1,0,843.5037,0,
870.2367,Experiment4Metamer_ResponseGroup1.m,1,16,1,10,20,q,0,67,Data_7_1_20141022T140427.mat,11,1,0,870.2367,0,
879.3449,Experiment4Metamer_ResponseGroup1.m,2,1,2,16,19,p,0,68,Data_7_1_20141022T140427.mat,11,1,0,879.3449,0,
821.3338,Experiment4Metamer_ResponseGroup1.m,1,11,1,19,20,q,0,69,Data_7_1_20141022T140427.mat,11,1,0,821.3338,0,
831.8406,Experiment4Metamer_ResponseGroup1.m,1,3,1,1,20,q,0,70,Data_7_1_20141022T140427.mat,11,1,0,831.8406,0,
673.4737,Experiment4Metamer_ResponseGroup1.m,1,1,1,8,20,q,0,71,Data_7_1_20141022T140427.mat,11,1,0,673.4737,0,
859.4568,Experiment4Metamer_ResponseGroup1.m,2,8,1,19,19,p,0,72,Data_7_1_20141022T140427.mat,11,2,0,859.4568,0,
940.7636,Experiment4Metamer_ResponseGroup1.m,1,18,2,18,20,q,0,73,Data_7_1_20141022T140427.mat,11,2,0,940.7636,0,
925.6131,Experiment4Metamer_ResponseGroup1.m,1,14,2,11,20,q,0,74,Data_7_1_20141022T140427.mat,11,2,0,925.6131,0,
887.9114,Experiment4Metamer_ResponseGroup1.m,2,8,2,6,19,p,0,75,Data_7_1_20141022T140427.mat,11,1,0,887.9114,0,
717.3147,Experiment4Metamer_ResponseGroup1.m,1,13,1,3,20,q,0,76,Data_7_1_20141022T140427.mat,11,1,0,717.3147,0,
874.2937,Experiment4Metamer_ResponseGroup1.m,2,7,1,3,19,p,0,77,Data_7_1_20141022T140427.mat,11,2,0,874.2937,0,
988.8741,Experiment4Metamer_ResponseGroup1.m,2,4,1,11,19,p,0,78,Data_7_1_20141022T140427.mat,11,2,0,988.8741,0,
853.3037,Experiment4Metamer_ResponseGroup1.m,2,4,1,12,19,p,0,79,Data_7_1_20141022T140427.mat,11,2,0,853.3037,0,
1014.8178,Experiment4Metamer_ResponseGroup1.m,2,8,1,7,19,p,0,80,Data_7_1_20141022T140427.mat,11,2,0,1014.8178,0,
870.4224,Experiment4Metamer_ResponseGroup1.m,2,2,1,12,19,p,0,82,Data_7_1_20141022T140427.mat,11,2,0,870.4224,0,
995.9907,Experiment4Metamer_ResponseGroup1.m,1,1,1,12,20,q,0,83,Data_7_1_20141022T140427.mat,11,1,0,995.9907,0,
931.0452,Experiment4Metamer_ResponseGroup1.m,2,6,1,8,19,p,0,85,Data_7_1_20141022T140427.mat,11,2,0,931.0452,0,
884.7815,Experiment4Metamer_ResponseGroup1.m,2,19,2,7,19,p,0,87,Data_7_1_20141022T140427.mat,11,1,0,884.7815,0,
1025.8074,Experiment4Metamer_ResponseGroup1.m,2,5,2,20,19,p,0,88,Data_7_1_20141022T140427.mat,11,1,0,1025.8074,0,
1096.9187,Experiment4Metamer_ResponseGroup1.m,1,9,1,15,20,q,0,89,Data_7_1_20141022T140427.mat,11,1,0,1096.9187,0,
943.3725,Experiment4Metamer_ResponseGroup1.m,1,18,2,19,20,q,0,90,Data_7_1_20141022T140427.mat,11,2,0,943.3725,0,
700.4865,Experiment4Metamer_ResponseGroup1.m,2,6,1,5,19,p,0,91,Data_7_1_20141022T140427.mat,11,2,0,700.4865,0,
983.9566,Experiment4Metamer_ResponseGroup1.m,1,13,1,16,20,q,0,92,Data_7_1_20141022T140427.mat,11,1,0,983.9566,0,
1089.8444,Experiment4Metamer_ResponseGroup1.m,1,19,2,19,20,q,0,93,Data_7_1_20141022T140427.mat,11,2,0,1089.8444,0,
1015.1394,Experiment4Metamer_ResponseGroup1.m,2,11,2,12,19,p,0,96,Data_7_1_20141022T140427.mat,11,1,0,1015.1394,0,
830.0651,Experiment4Metamer_ResponseGroup1.m,2,11,2,14,19,p,0,97,Data_7_1_20141022T140427.mat,11,1,0,830.0651,0,
931.5411,Experiment4Metamer_ResponseGroup1.m,2,3,2,11,19,p,0,99,Data_7_1_20141022T140427.mat,11,1,0,931.5411,0,
907.6364,Experiment4Metamer_ResponseGroup1.m,1,18,2,17,20,q,0,102,Data_7_1_20141022T140427.mat,11,2,0,907.6364,0,
1017.3245,Experiment4Metamer_ResponseGroup1.m,2,14,1,6,19,p,0,103,Data_7_1_20141022T140427.mat,11,2,0,1017.3245,0,
713.3193,Experiment4Metamer_ResponseGroup1.m,1,12,1,11,20,q,0,104,Data_7_1_20141022T140427.mat,11,1,0,713.3193,0,
792.7174,Experiment4Metamer_ResponseGroup1.m,2,1,2,14,19,p,0,106,Data_7_1_20141022T140427.mat,11,1,0,792.7174,0,
874.2285,Experiment4Metamer_ResponseGroup1.m,2,7,1,16,19,p,0,108,Data_7_1_20141022T140427.mat,11,2,0,874.2285,0,
901.3954,Experiment4Metamer_ResponseGroup1.m,2,19,2,3,19,p,0,109,Data_7_1_20141022T140427.mat,11,1,0,901.3954,0,
763.342,Experiment4Metamer_ResponseGroup1.m,2,6,1,4,19,p,0,110,Data_7_1_20141022T140427.mat,11,2,0,763.342,0,
929.2418,Experiment4Metamer_ResponseGroup1.m,1,8,2,8,20,q,0,111,Data_7_1_20141022T140427.mat,11,2,0,929.2418,0,
829.0123,Experiment4Metamer_ResponseGroup1.m,2,18,2,14,19,p,0,112,Data_7_1_20141022T140427.mat,11,1,0,829.0123,0,
1071.031,Experiment4Metamer_ResponseGroup1.m,1,5,2,12,20,q,0,113,Data_7_1_20141022T140427.mat,11,2,0,1071.031,0,
783.7443,Experiment4Metamer_ResponseGroup1.m,2,14,1,10,19,p,0,114,Data_7_1_20141022T140427.mat,11,2,0,783.7443,0,
839.004,Experiment4Metamer_ResponseGroup1.m,1,16,1,19,20,q,0,116,Data_7_1_20141022T140427.mat,11,1,0,839.004,0,
1073.7875,Experiment4Metamer_ResponseGroup1.m,1,5,2,17,20,q,0,117,Data_7_1_20141022T140427.mat,11,2,0,1073.7875,0,
902.3962,Experiment4Metamer_ResponseGroup1.m,2,1,1,6,19,p,0,119,Data_7_1_20141022T140427.mat,11,2,0,902.3962,0,
737.3526,Experiment4Metamer_ResponseGroup1.m,2,1,1,20,19,p,0,120,Data_7_1_20141022T140427.mat,11,2,0,737.3526,0,
850.0988,Experiment4Metamer_ResponseGroup1.m,1,5,1,11,20,q,0,121,Data_7_1_20141022T140427.mat,11,1,0,850.0988,0,
969.5748,Experiment4Metamer_ResponseGroup1.m,2,9,1,3,19,p,0,122,Data_7_1_20141022T140427.mat,11,2,0,969.5748,0,
955.549,Experiment4Metamer_ResponseGroup1.m,2,2,2,20,19,p,0,123,Data_7_1_20141022T140427.mat,11,1,0,955.549,0,
676.6365,Experiment4Metamer_ResponseGroup1.m,2,12,2,3,19,p,0,125,Data_7_1_20141022T140427.mat,11,1,0,676.6365,0,
1042.24,Experiment4Metamer_ResponseGroup1.m,2,20,1,6,19,p,0,126,Data_7_1_20141022T140427.mat,11,2,0,1042.24,0,
884.5248,Experiment4Metamer_ResponseGroup1.m,2,2,1,10,19,p,0,127,Data_7_1_20141022T140427.mat,11,2,0,884.5248,0,
733.7048,Experiment4Metamer_ResponseGroup1.m,2,2,2,10,19,p,0,128,Data_7_1_20141022T140427.mat,11,1,0,733.7048,0,
902.5834,Experiment4Metamer_ResponseGroup1.m,1,17,2,3,20,q,0,129,Data_7_1_20141022T140427.mat,11,2,0,902.5834,0,
899.432,Experiment4Metamer_ResponseGroup1.m,1,10,2,2,20,q,0,130,Data_7_1_20141022T140427.mat,11,2,0,899.432,0,
930.7749,Experiment4Metamer_ResponseGroup1.m,2,8,1,1,19,p,0,133,Data_7_1_20141022T140427.mat,11,2,0,930.7749,0,
529.9058,Experiment4Metamer_ResponseGroup1.m,1,11,1,5,20,q,0,135,Data_7_1_20141022T140427.mat,11,1,0,529.9058,0,
627.0641,Experiment4Metamer_ResponseGroup1.m,1,14,2,3,20,q,0,136,Data_7_1_20141022T140427.mat,11,2,0,627.0641,0,
653.1799,Experiment4Metamer_ResponseGroup1.m,1,19,2,11,20,q,0,137,Data_7_1_20141022T140427.mat,11,2,0,653.1799,0,
547.0211,Experiment4Metamer_ResponseGroup1.m,2,16,2,6,19,p,0,138,Data_7_1_20141022T140427.mat,11,1,0,547.0211,0,
449.1694,Experiment4Metamer_ResponseGroup1.m,1,8,1,14,20,q,0,139,Data_7_1_20141022T140427.mat,11,1,0,449.1694,0,
677.691,Experiment4Metamer_ResponseGroup1.m,2,7,1,11,19,p,0,140,Data_7_1_20141022T140427.mat,11,2,0,677.691,0,
1095.067,Experiment4Metamer_ResponseGroup1.m,1,13,2,9,20,q,0,141,Data_7_1_20141022T140427.mat,11,2,0,1095.067,0,
674.2807,Experiment4Metamer_ResponseGroup1.m,1,20,1,15,20,q,0,142,Data_7_1_20141022T140427.mat,11,1,0,674.2807,0,
778.1997,Experiment4Metamer_ResponseGroup1.m,1,7,2,5,20,q,0,143,Data_7_1_20141022T140427.mat,11,2,0,778.1997,0,
917.9861,Experiment4Metamer_ResponseGroup1.m,2,6,2,3,19,p,0,144,Data_7_1_20141022T140427.mat,11,1,0,917.9861,0,
813.2105,Experiment4Metamer_ResponseGroup1.m,2,18,1,1,19,p,0,145,Data_7_1_20141022T140427.mat,11,2,0,813.2105,0,
711.0385,Experiment4Metamer_ResponseGroup1.m,1,17,2,13,20,q,0,147,Data_7_1_20141022T140427.mat,11,2,0,711.0385,0,
875.7431,Experiment4Metamer_ResponseGroup1.m,1,4,1,6,20,q,0,148,Data_7_1_20141022T140427.mat,11,1,0,875.7431,0,
782.1983,Experiment4Metamer_ResponseGroup1.m,1,15,2,5,20,q,0,149,Data_7_1_20141022T140427.mat,11,2,0,782.1983,0,
722.8985,Experiment4Metamer_ResponseGroup1.m,2,1,2,14,19,p,0,150,Data_7_1_20141022T140427.mat,11,1,0,722.8985,0,
720.9997,Experiment4Metamer_ResponseGroup1.m,2,1,2,9,19,p,0,152,Data_7_1_20141022T140427.mat,11,1,0,720.9997,0,
770.0245,Experiment4Metamer_ResponseGroup1.m,1,7,2,3,20,q,0,153,Data_7_1_20141022T140427.mat,11,2,0,770.0245,0,
667.5054,Experiment4Metamer_ResponseGroup1.m,1,2,1,4,20,q,0,154,Data_7_1_20141022T140427.mat,11,1,0,667.5054,0,
645.4755,Experiment4Metamer_ResponseGroup1.m,2,3,2,17,19,p,0,155,Data_7_1_20141022T140427.mat,11,1,0,645.4755,0,
770.9817,Experiment4Metamer_ResponseGroup1.m,1,8,2,10,20,q,0,157,Data_7_1_20141022T140427.mat,11,2,0,770.9817,0,
883.104,Experiment4Metamer_ResponseGroup1.m,2,1,2,18,19,p,0,158,Data_7_1_20141022T140427.mat,11,1,0,883.104,0,
687.6316,Experiment4Metamer_ResponseGroup1.m,2,12,2,8,19,p,0,159,Data_7_1_20141022T140427.mat,11,1,0,687.6316,0,
761.6711,Experiment4Metamer_ResponseGroup1.m,2,14,2,12,19,p,0,161,Data_7_1_20141022T140427.mat,11,1,0,761.6711,0,
825.3345,Experiment4Metamer_ResponseGroup1.m,2,15,2,4,19,p,0,162,Data_7_1_20141022T140427.mat,11,1,0,825.3345,0,
989.5698,Experiment4Metamer_ResponseGroup1.m,1,19,1,13,20,q,0,163,Data_7_1_20141022T140427.mat,11,1,0,989.5698,0,
688.1857,Experiment4Metamer_ResponseGroup1.m,2,6,1,4,19,p,0,164,Data_7_1_20141022T140427.mat,11,2,0,688.1857,0,
762.5519,Experiment4Metamer_ResponseGroup1.m,1,7,1,3,20,q,0,165,Data_7_1_20141022T140427.mat,11,1,0,762.5519,0,
884.1064,Experiment4Metamer_ResponseGroup1.m,2,7,1,20,19,p,0,166,Data_7_1_20141022T140427.mat,11,2,0,884.1064,0,
695.8464,Experiment4Metamer_ResponseGroup1.m,1,5,2,15,20,q,0,167,Data_7_1_20141022T140427.mat,11,2,0,695.8464,0,
963.463,Experiment4Metamer_ResponseGroup1.m,1,9,1,10,20,q,0,169,Data_7_1_20141022T140427.mat,11,1,0,963.463,0,
991.7257,Experiment4Metamer_ResponseGroup1.m,1,19,2,7,20,q,0,170,Data_7_1_20141022T140427.mat,11,2,0,991.7257,0,
828.1623,Experiment4Metamer_ResponseGroup1.m,2,2,1,8,19,p,0,171,Data_7_1_20141022T140427.mat,11,2,0,828.1623,0,
709.674,Experiment4Metamer_ResponseGroup1.m,2,3,1,18,19,p,0,173,Data_7_1_20141022T140427.mat,11,2,0,709.674,0,
822.8188,Experiment4Metamer_ResponseGroup1.m,2,8,2,14,19,p,0,174,Data_7_1_20141022T140427.mat,11,1,0,822.8188,0,
527.2701,Experiment4Metamer_ResponseGroup1.m,2,2,1,16,19,p,0,176,Data_7_1_20141022T140427.mat,11,2,0,527.2701,0,
742.7134,Experiment4Metamer_ResponseGroup1.m,2,20,1,13,19,p,0,177,Data_7_1_20141022T140427.mat,11,2,0,742.7134,0,
796.2077,Experiment4Metamer_ResponseGroup1.m,2,14,2,13,19,p,0,178,Data_7_1_20141022T140427.mat,11,1,0,796.2077,0,
623.3778,Experiment4Metamer_ResponseGroup1.m,2,13,2,19,19,p,0,180,Data_7_1_20141022T140427.mat,11,1,0,623.3778,0,
795.5777,Experiment4Metamer_ResponseGroup1.m,2,12,2,1,19,p,0,181,Data_7_1_20141022T140427.mat,11,1,0,795.5777,0,
805.6587,Experiment4Metamer_ResponseGroup1.m,2,5,1,4,19,p,0,182,Data_7_1_20141022T140427.mat,11,2,0,805.6587,0,
623.9075,Experiment4Metamer_ResponseGroup1.m,1,5,1,18,20,q,0,183,Data_7_1_20141022T140427.mat,11,1,0,623.9075,0,
781.7488,Experiment4Metamer_ResponseGroup1.m,2,20,2,3,19,p,0,185,Data_7_1_20141022T140427.mat,11,1,0,781.7488,0,
696.6214,Experiment4Metamer_ResponseGroup1.m,1,7,1,3,20,q,0,186,Data_7_1_20141022T140427.mat,11,1,0,696.6214,0,
660.8672,Experiment4Metamer_ResponseGroup1.m,2,14,2,9,19,p,0,187,Data_7_1_20141022T140427.mat,11,1,0,660.8672,0,
812.9975,Experiment4Metamer_ResponseGroup1.m,2,10,1,8,19,p,0,188,Data_7_1_20141022T140427.mat,11,2,0,812.9975,0,
775.8012,Experiment4Metamer_ResponseGroup1.m,2,6,2,2,19,p,0,189,Data_7_1_20141022T140427.mat,11,1,0,775.8012,0,
938.3353,Experiment4Metamer_ResponseGroup1.m,1,4,1,4,20,q,0,190,Data_7_1_20141022T140427.mat,11,1,0,938.3353,0,
729.0993,Experiment4Metamer_ResponseGroup1.m,2,9,1,20,19,p,0,192,Data_7_1_20141022T140427.mat,11,2,0,729.0993,0,
605.096,Experiment4Metamer_ResponseGroup1.m,2,1,2,6,19,p,0,193,Data_7_1_20141022T140427.mat,11,1,0,605.096,0,
622.5884,Experiment4Metamer_ResponseGroup1.m,2,7,1,1,19,p,0,194,Data_7_1_20141022T140427.mat,11,2,0,622.5884,0,
589.5144,Experiment4Metamer_ResponseGroup1.m,2,5,2,17,19,p,0,195,Data_7_1_20141022T140427.mat,11,1,0,589.5144,0,
668.3452,Experiment4Metamer_ResponseGroup1.m,2,10,2,1,19,p,0,196,Data_7_1_20141022T140427.mat,11,1,0,668.3452,0,
540.9176,Experiment4Metamer_ResponseGroup1.m,2,14,2,17,19,p,0,197,Data_7_1_20141022T140427.mat,11,1,0,540.9176,0,
606.0728,Experiment4Metamer_ResponseGroup1.m,1,2,1,7,20,q,0,198,Data_7_1_20141022T140427.mat,11,1,0,606.0728,0,
726.9571,Experiment4Metamer_ResponseGroup1.m,2,10,2,15,19,p,0,199,Data_7_1_20141022T140427.mat,11,1,0,726.9571,0,
912.679,Experiment4Metamer_ResponseGroup1.m,2,4,1,2,19,p,0,200,Data_7_1_20141022T140427.mat,11,2,0,912.679,0,
670.0309,Experiment4Metamer_ResponseGroup1.m,2,8,1,13,19,p,0,201,Data_7_1_20141022T140427.mat,11,2,0,670.0309,0,
627.7314,Experiment4Metamer_ResponseGroup1.m,1,19,2,4,20,q,0,202,Data_7_1_20141022T140427.mat,11,2,0,627.7314,0,
570.0419,Experiment4Metamer_ResponseGroup1.m,1,6,2,20,20,q,0,204,Data_7_1_20141022T140427.mat,11,2,0,570.0419,0,
655.1921,Experiment4Metamer_ResponseGroup1.m,1,13,1,17,20,q,0,205,Data_7_1_20141022T140427.mat,11,1,0,655.1921,0,
555.5889,Experiment4Metamer_ResponseGroup1.m,1,7,1,19,20,q,0,206,Data_7_1_20141022T140427.mat,11,1,0,555.5889,0,
611.6128,Experiment4Metamer_ResponseGroup1.m,2,16,2,2,19,p,0,207,Data_7_1_20141022T140427.mat,11,1,0,611.6128,0,
904.5184,Experiment4Metamer_ResponseGroup1.m,1,12,2,18,20,q,0,208,Data_7_1_20141022T140427.mat,11,2,0,904.5184,0,
710.0013,Experiment4Metamer_ResponseGroup1.m,2,4,1,9,19,p,0,209,Data_7_1_20141022T140427.mat,11,2,0,710.0013,0,
766.9237,Experiment4Metamer_ResponseGroup1.m,1,8,2,4,20,q,0,210,Data_7_1_20141022T140427.mat,11,2,0,766.9237,0,
690.4634,Experiment4Metamer_ResponseGroup1.m,1,19,1,18,20,q,0,211,Data_7_1_20141022T140427.mat,11,1,0,690.4634,0,
750.099,Experiment4Metamer_ResponseGroup1.m,2,9,1,12,19,p,0,213,Data_7_1_20141022T140427.mat,11,2,0,750.099,0,
540.3359,Experiment4Metamer_ResponseGroup1.m,1,8,2,19,20,q,0,214,Data_7_1_20141022T140427.mat,11,2,0,540.3359,0,
756.1346,Experiment4Metamer_ResponseGroup1.m,2,16,1,15,19,p,0,215,Data_7_1_20141022T140427.mat,11,2,0,756.1346,0,
843.1483,Experiment4Metamer_ResponseGroup1.m,1,16,2,2,20,q,0,216,Data_7_1_20141022T140427.mat,11,2,0,843.1483,0,
531.9533,Experiment4Metamer_ResponseGroup1.m,2,7,2,9,19,p,0,217,Data_7_1_20141022T140427.mat,11,1,0,531.9533,0,
564.5955,Experiment4Metamer_ResponseGroup1.m,1,14,1,13,20,q,0,218,Data_7_1_20141022T140427.mat,11,1,0,564.5955,0,
940.5556,Experiment4Metamer_ResponseGroup1.m,2,13,2,11,19,p,0,220,Data_7_1_20141022T140427.mat,11,1,0,940.5556,0,
719.8902,Experiment4Metamer_ResponseGroup1.m,2,19,1,19,19,p,0,221,Data_7_1_20141022T140427.mat,11,2,0,719.8902,0,
672.7411,Experiment4Metamer_ResponseGroup1.m,2,18,1,2,19,p,0,223,Data_7_1_20141022T140427.mat,11,2,0,672.7411,0,
746.1849,Experiment4Metamer_ResponseGroup1.m,1,4,2,7,20,q,0,224,Data_7_1_20141022T140427.mat,11,2,0,746.1849,0,
666.2118,Experiment4Metamer_ResponseGroup1.m,1,11,1,9,20,q,0,225,Data_7_1_20141022T140427.mat,11,1,0,666.2118,0,
598.4554,Experiment4Metamer_ResponseGroup1.m,1,19,2,1,20,q,0,226,Data_7_1_20141022T140427.mat,11,2,0,598.4554,0,
776.6067,Experiment4Metamer_ResponseGroup1.m,2,20,1,5,19,p,0,227,Data_7_1_20141022T140427.mat,11,2,0,776.6067,0,
1073.9555,Experiment4Metamer_ResponseGroup1.m,1,17,1,20,20,q,0,228,Data_7_1_20141022T140427.mat,11,1,0,1073.9555,0,
866.6657,Experiment4Metamer_ResponseGroup1.m,2,14,1,5,19,p,0,229,Data_7_1_20141022T140427.mat,11,2,0,866.6657,0,
759.7364,Experiment4Metamer_ResponseGroup1.m,1,1,2,16,20,q,0,230,Data_7_1_20141022T140427.mat,11,2,0,759.7364,0,
625.0237,Experiment4Metamer_ResponseGroup1.m,1,7,1,3,20,q,0,231,Data_7_1_20141022T140427.mat,11,1,0,625.0237,0,
968.1219,Experiment4Metamer_ResponseGroup1.m,1,8,2,15,20,q,0,232,Data_7_1_20141022T140427.mat,11,2,0,968.1219,0,
809.0622,Experiment4Metamer_ResponseGroup1.m,2,17,1,20,19,p,0,233,Data_7_1_20141022T140427.mat,11,2,0,809.0622,0,
723.1881,Experiment4Metamer_ResponseGroup1.m,1,10,1,4,20,q,0,234,Data_7_1_20141022T140427.mat,11,1,0,723.1881,0,
775.377,Experiment4Metamer_ResponseGroup1.m,2,14,1,18,19,p,0,235,Data_7_1_20141022T140427.mat,11,2,0,775.377,0,
692.653,Experiment4Metamer_ResponseGroup1.m,2,17,1,6,19,p,0,236,Data_7_1_20141022T140427.mat,11,2,0,692.653,0,
676.1625,Experiment4Metamer_ResponseGroup1.m,1,4,1,20,20,q,0,237,Data_7_1_20141022T140427.mat,11,1,0,676.1625,0,
497.1757,Experiment4Metamer_ResponseGroup1.m,1,7,2,19,20,q,0,238,Data_7_1_20141022T140427.mat,11,2,0,497.1757,0,
659.7639,Experiment4Metamer_ResponseGroup1.m,2,14,1,13,19,p,0,239,Data_7_1_20141022T140427.mat,11,2,0,659.7639,0,
717.3843,Experiment4Metamer_ResponseGroup1.m,2,16,1,17,19,p,0,240,Data_7_1_20141022T140427.mat,11,2,0,717.3843,0,
658.3285,Experiment4Metamer_ResponseGroup1.m,1,13,2,7,20,q,0,241,Data_7_1_20141022T140427.mat,11,2,0,658.3285,0,
694.9737,Experiment4Metamer_ResponseGroup1.m,1,6,2,9,20,q,0,242,Data_7_1_20141022T140427.mat,11,2,0,694.9737,0,
752.6626,Experiment4Metamer_ResponseGroup1.m,2,6,2,2,19,p,0,244,Data_7_1_20141022T140427.mat,11,1,0,752.6626,0,
819.1845,Experiment4Metamer_ResponseGroup1.m,2,17,1,3,19,p,0,245,Data_7_1_20141022T140427.mat,11,2,0,819.1845,0,
756.4287,Experiment4Metamer_ResponseGroup1.m,1,9,2,13,20,q,0,246,Data_7_1_20141022T140427.mat,11,2,0,756.4287,0,
663.1071,Experiment4Metamer_ResponseGroup1.m,2,12,2,5,19,p,0,247,Data_7_1_20141022T140427.mat,11,1,0,663.1071,0,
609.5543,Experiment4Metamer_ResponseGroup1.m,2,5,1,7,19,p,0,248,Data_7_1_20141022T140427.mat,11,2,0,609.5543,0,
643.7851,Experiment4Metamer_ResponseGroup1.m,1,8,1,12,20,q,0,249,Data_7_1_20141022T140427.mat,11,1,0,643.7851,0,
770.9965,Experiment4Metamer_ResponseGroup1.m,2,19,2,15,19,p,0,250,Data_7_1_20141022T140427.mat,11,1,0,770.9965,0,
624.0722,Experiment4Metamer_ResponseGroup1.m,1,1,2,14,20,q,0,251,Data_7_1_20141022T140427.mat,11,2,0,624.0722,0,
712.353,Experiment4Metamer_ResponseGroup1.m,2,5,2,6,19,p,0,252,Data_7_1_20141022T140427.mat,11,1,0,712.353,0,
658.0909,Experiment4Metamer_ResponseGroup1.m,2,19,2,4,19,p,0,253,Data_7_1_20141022T140427.mat,11,1,0,658.0909,0,
697.7263,Experiment4Metamer_ResponseGroup1.m,2,17,1,4,19,p,0,255,Data_7_1_20141022T140427.mat,11,2,0,697.7263,0,
572.1586,Experiment4Metamer_ResponseGroup1.m,1,14,2,20,20,q,0,256,Data_7_1_20141022T140427.mat,11,2,0,572.1586,0,
836.809,Experiment4Metamer_ResponseGroup1.m,2,15,2,11,19,p,0,257,Data_7_1_20141022T140427.mat,11,1,0,836.809,0,
622.332,Experiment4Metamer_ResponseGroup1.m,1,11,2,6,20,q,0,258,Data_7_1_20141022T140427.mat,11,2,0,622.332,0,
995.2574,Experiment4Metamer_ResponseGroup1.m,2,5,2,7,19,p,0,259,Data_7_1_20141022T140427.mat,11,1,0,995.2574,0,
740.9168,Experiment4Metamer_ResponseGroup1.m,2,3,2,13,19,p,0,260,Data_7_1_20141022T140427.mat,11,1,0,740.9168,0,
663.0632,Experiment4Metamer_ResponseGroup1.m,2,18,2,13,19,p,0,261,Data_7_1_20141022T140427.mat,11,1,0,663.0632,0,
607.8244,Experiment4Metamer_ResponseGroup1.m,1,11,2,12,20,q,0,262,Data_7_1_20141022T140427.mat,11,2,0,607.8244,0,
1005.2503,Experiment4Metamer_ResponseGroup1.m,1,5,2,8,20,q,0,263,Data_7_1_20141022T140427.mat,11,2,0,1005.2503,0,
668.2449,Experiment4Metamer_ResponseGroup1.m,1,14,2,4,20,q,0,264,Data_7_1_20141022T140427.mat,11,2,0,668.2449,0,
626.3828,Experiment4Metamer_ResponseGroup1.m,1,18,1,3,20,q,0,265,Data_7_1_20141022T140427.mat,11,1,0,626.3828,0,
602.9034,Experiment4Metamer_ResponseGroup1.m,2,18,1,14,19,p,0,266,Data_7_1_20141022T140427.mat,11,2,0,602.9034,0,
748.9784,Experiment4Metamer_ResponseGroup1.m,2,11,2,12,19,p,0,267,Data_7_1_20141022T140427.mat,11,1,0,748.9784,0,
823.051,Experiment4Metamer_ResponseGroup1.m,2,13,2,2,19,p,0,268,Data_7_1_20141022T140427.mat,11,1,0,823.051,0,
847.0346,Experiment4Metamer_ResponseGroup1.m,2,14,2,16,19,p,0,269,Data_7_1_20141022T140427.mat,11,1,0,847.0346,0,
1076.8425,Experiment4Metamer_ResponseGroup1.m,1,4,2,4,20,q,0,270,Data_7_1_20141022T140427.mat,11,2,0,1076.8425,0,
752.4771,Experiment4Metamer_ResponseGroup1.m,1,2,2,15,20,q,0,271,Data_7_1_20141022T140427.mat,11,2,0,752.4771,0,
711.0293,Experiment4Metamer_ResponseGroup1.m,2,2,1,3,19,p,0,272,Data_7_1_20141022T140427.mat,11,2,0,711.0293,0,
795.186,Experiment4Metamer_ResponseGroup1.m,1,12,1,5,20,q,0,273,Data_7_1_20141022T140427.mat,11,1,0,795.186,0,
816.396,Experiment4Metamer_ResponseGroup1.m,1,10,1,17,20,q,0,274,Data_7_1_20141022T140427.mat,11,1,0,816.396,0,
701.2585,Experiment4Metamer_ResponseGroup1.m,1,7,1,11,20,q,0,275,Data_7_1_20141022T140427.mat,11,1,0,701.2585,0,
1111.6669,Experiment4Metamer_ResponseGroup1.m,1,5,2,3,20,q,0,276,Data_7_1_20141022T140427.mat,11,2,0,1111.6669,0,
597.8416,Experiment4Metamer_ResponseGroup1.m,2,6,1,16,19,p,0,277,Data_7_1_20141022T140427.mat,11,2,0,597.8416,0,
731.6201,Experiment4Metamer_ResponseGroup1.m,1,17,1,12,20,q,0,278,Data_7_1_20141022T140427.mat,11,1,0,731.6201,0,
838.5045,Experiment4Metamer_ResponseGroup1.m,1,3,1,2,20,q,0,279,Data_7_1_20141022T140427.mat,11,1,0,838.5045,0,
635.8571,Experiment4Metamer_ResponseGroup1.m,2,3,2,5,19,p,0,280,Data_7_1_20141022T140427.mat,11,1,0,635.8571,0,
507.4987,Experiment4Metamer_ResponseGroup1.m,1,12,1,5,20,q,0,281,Data_7_1_20141022T140427.mat,11,1,0,507.4987,0,
1084.3503,Experiment4Metamer_ResponseGroup1.m,1,6,1,8,20,q,0,282,Data_7_1_20141022T140427.mat,11,1,0,1084.3503,0,
692.4207,Experiment4Metamer_ResponseGroup1.m,1,10,2,14,20,q,0,283,Data_7_1_20141022T140427.mat,11,2,0,692.4207,0,
749.7448,Experiment4Metamer_ResponseGroup1.m,2,18,2,8,19,p,0,284,Data_7_1_20141022T140427.mat,11,1,0,749.7448,0,
815.8803,Experiment4Metamer_ResponseGroup1.m,2,9,1,10,19,p,0,285,Data_7_1_20141022T140427.mat,11,2,0,815.8803,0,
550.4073,Experiment4Metamer_ResponseGroup1.m,1,19,2,16,20,q,0,286,Data_7_1_20141022T140427.mat,11,2,0,550.4073,0,
804.6121,Experiment4Metamer_ResponseGroup1.m,2,20,2,12,19,p,0,287,Data_7_1_20141022T140427.mat,11,1,0,804.6121,0,
687.5083,Experiment4Metamer_ResponseGroup1.m,2,12,2,10,19,p,0,288,Data_7_1_20141022T140427.mat,11,1,0,687.5083,0,
590.0562,Experiment4Metamer_ResponseGroup1.m,1,10,2,13,20,q,0,289,Data_7_1_20141022T140427.mat,11,2,0,590.0562,0,
609.4468,Experiment4Metamer_ResponseGroup1.m,2,1,2,12,19,p,0,290,Data_7_1_20141022T140427.mat,11,1,0,609.4468,0,
573.6611,Experiment4Metamer_ResponseGroup1.m,1,18,1,13,20,q,0,291,Data_7_1_20141022T140427.mat,11,1,0,573.6611,0,
571.5821,Experiment4Metamer_ResponseGroup1.m,1,6,2,16,20,q,0,292,Data_7_1_20141022T140427.mat,11,2,0,571.5821,0,
628.1345,Experiment4Metamer_ResponseGroup1.m,2,20,2,4,19,p,0,293,Data_7_1_20141022T140427.mat,11,1,0,628.1345,0,
682.3003,Experiment4Metamer_ResponseGroup1.m,2,8,2,13,19,p,0,294,Data_7_1_20141022T140427.mat,11,1,0,682.3003,0,
515.7996,Experiment4Metamer_ResponseGroup1.m,1,6,1,13,20,q,0,295,Data_7_1_20141022T140427.mat,11,1,0,515.7996,0,
860.0986,Experiment4Metamer_ResponseGroup1.m,1,12,2,15,20,q,0,296,Data_7_1_20141022T140427.mat,11,2,0,860.0986,0,
716.8747,Experiment4Metamer_ResponseGroup1.m,2,2,1,10,19,p,0,297,Data_7_1_20141022T140427.mat,11,2,0,716.8747,0,
624.6124,Experiment4Metamer_ResponseGroup1.m,1,19,1,3,20,q,0,298,Data_7_1_20141022T140427.mat,11,1,0,624.6124,0,
717.6701,Experiment4Metamer_ResponseGroup1.m,2,12,1,9,19,p,0,299,Data_7_1_20141022T140427.mat,11,2,0,717.6701,0,
773.7123,Experiment4Metamer_ResponseGroup1.m,1,2,2,20,20,q,0,300,Data_7_1_20141022T140427.mat,11,2,0,773.7123,0,
786.2766,Experiment4Metamer_ResponseGroup1.m,1,3,2,14,20,q,0,301,Data_7_1_20141022T140427.mat,11,2,0,786.2766,0,
680.0266,Experiment4Metamer_ResponseGroup1.m,2,6,2,4,19,p,0,302,Data_7_1_20141022T140427.mat,11,1,0,680.0266,0,
648.6294,Experiment4Metamer_ResponseGroup1.m,2,1,1,16,19,p,0,303,Data_7_1_20141022T140427.mat,11,2,0,648.6294,0,
678.0077,Experiment4Metamer_ResponseGroup1.m,1,19,1,12,20,q,0,305,Data_7_1_20141022T140427.mat,11,1,0,678.0077,0,
737.0923,Experiment4Metamer_ResponseGroup1.m,2,9,1,17,19,p,0,306,Data_7_1_20141022T140427.mat,11,2,0,737.0923,0,
695.2549,Experiment4Metamer_ResponseGroup1.m,1,12,1,16,20,q,0,307,Data_7_1_20141022T140427.mat,11,1,0,695.2549,0,
654.4451,Experiment4Metamer_ResponseGroup1.m,1,8,1,5,20,q,0,308,Data_7_1_20141022T140427.mat,11,1,0,654.4451,0,
597.5842,Experiment4Metamer_ResponseGroup1.m,2,19,2,18,19,p,0,309,Data_7_1_20141022T140427.mat,11,1,0,597.5842,0,
718.4812,Experiment4Metamer_ResponseGroup1.m,1,2,2,1,20,q,0,310,Data_7_1_20141022T140427.mat,11,2,0,718.4812,0,
765.9918,Experiment4Metamer_ResponseGroup1.m,2,5,1,3,19,p,0,311,Data_7_1_20141022T140427.mat,11,2,0,765.9918,0,
636.2756,Experiment4Metamer_ResponseGroup1.m,2,18,2,10,19,p,0,312,Data_7_1_20141022T140427.mat,11,1,0,636.2756,0,
587.5319,Experiment4Metamer_ResponseGroup1.m,1,7,1,14,20,q,0,313,Data_7_1_20141022T140427.mat,11,1,0,587.5319,0,
607.2455,Experiment4Metamer_ResponseGroup1.m,2,4,2,14,19,p,0,314,Data_7_1_20141022T140427.mat,11,1,0,607.2455,0,
864.9019,Experiment4Metamer_ResponseGroup1.m,1,18,2,19,20,q,0,315,Data_7_1_20141022T140427.mat,11,2,0,864.9019,0,
685.1344,Experiment4Metamer_ResponseGroup1.m,1,1,2,18,20,q,0,316,Data_7_1_20141022T140427.mat,11,2,0,685.1344,0,
584.5319,Experiment4Metamer_ResponseGroup1.m,1,19,2,14,20,q,0,317,Data_7_1_20141022T140427.mat,11,2,0,584.5319,0,
764.0008,Experiment4Metamer_ResponseGroup1.m,2,14,1,18,19,p,0,318,Data_7_1_20141022T140427.mat,11,2,0,764.0008,0,
612.8562,Experiment4Metamer_ResponseGroup1.m,2,14,1,15,19,p,0,319,Data_7_1_20141022T140427.mat,11,2,0,612.8562,0,
921.6055,Experiment4Metamer_ResponseGroup1.m,1,11,1,1,20,q,0,320,Data_7_1_20141022T140427.mat,11,1,0,921.6055,0,
1063.8876,Experiment4Metamer_ResponseGroup1.m,2,11,1,6,19,p,0,321,Data_7_1_20141022T140427.mat,11,2,0,1063.8876,0,
684.0142,Experiment4Metamer_ResponseGroup1.m,1,4,2,18,20,q,0,322,Data_7_1_20141022T140427.mat,11,2,0,684.0142,0,
607.1773,Experiment4Metamer_ResponseGroup1.m,2,12,2,17,19,p,0,323,Data_7_1_20141022T140427.mat,11,1,0,607.1773,0,
620.405,Experiment4Metamer_ResponseGroup1.m,1,15,1,8,20,q,0,324,Data_7_1_20141022T140427.mat,11,1,0,620.405,0,
743.5939,Experiment4Metamer_ResponseGroup1.m,2,15,2,19,19,p,0,325,Data_7_1_20141022T140427.mat,11,1,0,743.5939,0,
718.565,Experiment4Metamer_ResponseGroup1.m,2,19,1,13,19,p,0,326,Data_7_1_20141022T140427.mat,11,2,0,718.565,0,
643.5881,Experiment4Metamer_ResponseGroup1.m,1,13,1,9,20,q,0,327,Data_7_1_20141022T140427.mat,11,1,0,643.5881,0,
784.3801,Experiment4Metamer_ResponseGroup1.m,1,9,2,15,20,q,0,328,Data_7_1_20141022T140427.mat,11,2,0,784.3801,0,
598.6907,Experiment4Metamer_ResponseGroup1.m,1,19,2,8,20,q,0,329,Data_7_1_20141022T140427.mat,11,2,0,598.6907,0,
590.5533,Experiment4Metamer_ResponseGroup1.m,1,15,1,18,20,q,0,330,Data_7_1_20141022T140427.mat,11,1,0,590.5533,0,
683.8479,Experiment4Metamer_ResponseGroup1.m,1,10,2,6,20,q,0,331,Data_7_1_20141022T140427.mat,11,2,0,683.8479,0,
556.6794,Experiment4Metamer_ResponseGroup1.m,1,13,2,20,20,q,0,332,Data_7_1_20141022T140427.mat,11,2,0,556.6794,0,
763.3892,Experiment4Metamer_ResponseGroup1.m,1,1,1,7,20,q,0,333,Data_7_1_20141022T140427.mat,11,1,0,763.3892,0,
687.7942,Experiment4Metamer_ResponseGroup1.m,1,2,2,9,20,q,0,334,Data_7_1_20141022T140427.mat,11,2,0,687.7942,0,
606.6253,Experiment4Metamer_ResponseGroup1.m,1,19,2,6,20,q,0,335,Data_7_1_20141022T140427.mat,11,2,0,606.6253,0,
578.5635,Experiment4Metamer_ResponseGroup1.m,1,12,2,4,20,q,0,336,Data_7_1_20141022T140427.mat,11,2,0,578.5635,0,
582.2069,Experiment4Metamer_ResponseGroup1.m,1,7,2,6,20,q,0,337,Data_7_1_20141022T140427.mat,11,2,0,582.2069,0,
495.0256,Experiment4Metamer_ResponseGroup1.m,1,1,2,14,20,q,0,338,Data_7_1_20141022T140427.mat,11,2,0,495.0256,0,
584.233,Experiment4Metamer_ResponseGroup1.m,1,14,2,12,20,q,0,340,Data_7_1_20141022T140427.mat,11,2,0,584.233,0,
582.3484,Experiment4Metamer_ResponseGroup1.m,2,19,1,11,19,p,0,342,Data_7_1_20141022T140427.mat,11,2,0,582.3484,0,
748.4829,Experiment4Metamer_ResponseGroup1.m,1,6,2,12,20,q,0,343,Data_7_1_20141022T140427.mat,11,2,0,748.4829,0,
873.9861,Experiment4Metamer_ResponseGroup1.m,1,9,1,4,20,q,0,344,Data_7_1_20141022T140427.mat,11,1,0,873.9861,0,
870.7712,Experiment4Metamer_ResponseGroup1.m,1,2,1,13,20,q,0,345,Data_7_1_20141022T140427.mat,11,1,0,870.7712,0,
735.3008,Experiment4Metamer_ResponseGroup1.m,2,2,2,11,19,p,0,347,Data_7_1_20141022T140427.mat,11,1,0,735.3008,0,
684.1149,Experiment4Metamer_ResponseGroup1.m,1,13,1,4,20,q,0,348,Data_7_1_20141022T140427.mat,11,1,0,684.1149,0,
767.8866,Experiment4Metamer_ResponseGroup1.m,1,5,1,11,20,q,0,349,Data_7_1_20141022T140427.mat,11,1,0,767.8866,0,
768.1044,Experiment4Metamer_ResponseGroup1.m,2,11,1,7,19,p,0,350,Data_7_1_20141022T140427.mat,11,2,0,768.1044,0,
690.1632,Experiment4Metamer_ResponseGroup1.m,2,14,1,4,19,p,0,351,Data_7_1_20141022T140427.mat,11,2,0,690.1632,0,
966.5652,Experiment4Metamer_ResponseGroup1.m,1,17,2,8,20,q,0,352,Data_7_1_20141022T140427.mat,11,2,0,966.5652,0,
682.9468,Experiment4Metamer_ResponseGroup1.m,1,3,2,13,20,q,0,355,Data_7_1_20141022T140427.mat,11,2,0,682.9468,0,
570.3314,Experiment4Metamer_ResponseGroup1.m,1,13,1,12,20,q,0,356,Data_7_1_20141022T140427.mat,11,1,0,570.3314,0,
744.4399,Experiment4Metamer_ResponseGroup1.m,1,18,2,4,20,q,0,357,Data_7_1_20141022T140427.mat,11,2,0,744.4399,0,
536.3822,Experiment4Metamer_ResponseGroup1.m,1,8,2,5,20,q,0,358,Data_7_1_20141022T140427.mat,11,2,0,536.3822,0,
686.4969,Experiment4Metamer_ResponseGroup1.m,2,4,1,14,19,p,0,359,Data_7_1_20141022T140427.mat,11,2,0,686.4969,0,
733.0906,Experiment4Metamer_ResponseGroup1.m,2,18,2,17,19,p,0,360,Data_7_1_20141022T140427.mat,11,1,0,733.0906,0,
574.6569,Experiment4Metamer_ResponseGroup1.m,2,20,2,9,19,p,0,362,Data_7_1_20141022T140427.mat,11,1,0,574.6569,0,
733.1292,Experiment4Metamer_ResponseGroup1.m,2,15,1,18,19,p,0,363,Data_7_1_20141022T140427.mat,11,2,0,733.1292,0,
578.2519,Experiment4Metamer_ResponseGroup1.m,1,20,1,15,20,q,0,364,Data_7_1_20141022T140427.mat,11,1,0,578.2519,0,
563.2321,Experiment4Metamer_ResponseGroup1.m,2,4,1,18,19,p,0,365,Data_7_1_20141022T140427.mat,11,2,0,563.2321,0,
587.9853,Experiment4Metamer_ResponseGroup1.m,1,8,1,1,20,q,0,367,Data_7_1_20141022T140427.mat,11,1,0,587.9853,0,
1053.4039,Experiment4Metamer_ResponseGroup1.m,1,9,1,12,20,q,0,368,Data_7_1_20141022T140427.mat,11,1,0,1053.4039,0,
768.3343,Experiment4Metamer_ResponseGroup1.m,2,7,2,8,19,p,0,369,Data_7_1_20141022T140427.mat,11,1,0,768.3343,0,
619.7973,Experiment4Metamer_ResponseGroup1.m,1,15,1,3,20,q,0,371,Data_7_1_20141022T140427.mat,11,1,0,619.7973,0,
764.9413,Experiment4Metamer_ResponseGroup1.m,1,2,2,2,20,q,0,372,Data_7_1_20141022T140427.mat,11,2,0,764.9413,0,
698.4119,Experiment4Metamer_ResponseGroup1.m,2,9,1,16,19,p,0,374,Data_7_1_20141022T140427.mat,11,2,0,698.4119,0,
647.4648,Experiment4Metamer_ResponseGroup1.m,2,17,1,20,19,p,0,375,Data_7_1_20141022T140427.mat,11,2,0,647.4648,0,
701.1238,Experiment4Metamer_ResponseGroup1.m,1,12,2,3,20,q,0,376,Data_7_1_20141022T140427.mat,11,2,0,701.1238,0,
724.1218,Experiment4Metamer_ResponseGroup1.m,1,11,2,10,20,q,0,377,Data_7_1_20141022T140427.mat,11,2,0,724.1218,0,
701.7688,Experiment4Metamer_ResponseGroup1.m,1,6,2,7,20,q,0,378,Data_7_1_20141022T140427.mat,11,2,0,701.7688,0,
828.1,Experiment4Metamer_ResponseGroup1.m,1,7,2,3,20,q,0,379,Data_7_1_20141022T140427.mat,11,2,0,828.1,0,
642.1842,Experiment4Metamer_ResponseGroup1.m,1,12,1,17,20,q,0,380,Data_7_1_20141022T140427.mat,11,1,0,642.1842,0,
685.592,Experiment4Metamer_ResponseGroup1.m,2,17,2,17,19,p,0,381,Data_7_1_20141022T140427.mat,11,1,0,685.592,0,
650.1361,Experiment4Metamer_ResponseGroup1.m,1,19,1,4,20,q,0,383,Data_7_1_20141022T140427.mat,11,1,0,650.1361,0,
744.574,Experiment4Metamer_ResponseGroup1.m,1,17,1,11,20,q,0,384,Data_7_1_20141022T140427.mat,11,1,0,744.574,0,
778.0749,Experiment4Metamer_ResponseGroup1.m,2,17,1,14,19,p,0,385,Data_7_1_20141022T140427.mat,11,2,0,778.0749,0,
626.3838,Experiment4Metamer_ResponseGroup1.m,1,11,2,16,20,q,0,386,Data_7_1_20141022T140427.mat,11,2,0,626.3838,0,
606.0542,Experiment4Metamer_ResponseGroup1.m,1,12,2,2,20,q,0,387,Data_7_1_20141022T140427.mat,11,2,0,606.0542,0,
598.428,Experiment4Metamer_ResponseGroup1.m,1,12,1,13,20,q,0,388,Data_7_1_20141022T140427.mat,11,1,0,598.428,0,
687.0305,Experiment4Metamer_ResponseGroup1.m,2,2,1,17,19,p,0,389,Data_7_1_20141022T140427.mat,11,2,0,687.0305,0,
583.4557,Experiment4Metamer_ResponseGroup1.m,2,5,2,13,19,p,0,390,Data_7_1_20141022T140427.mat,11,1,0,583.4557,0,
1018.2216,Experiment4Metamer_ResponseGroup1.m,1,19,1,7,20,q,0,391,Data_7_1_20141022T140427.mat,11,1,0,1018.2216,0,
870.7933,Experiment4Metamer_ResponseGroup1.m,2,7,2,18,19,p,0,392,Data_7_1_20141022T140427.mat,11,1,0,870.7933,0,
833.9252,Experiment4Metamer_ResponseGroup1.m,2,5,2,20,19,p,0,393,Data_7_1_20141022T140427.mat,11,1,0,833.9252,0,
837.7991,Experiment4Metamer_ResponseGroup1.m,2,14,2,15,19,p,0,394,Data_7_1_20141022T140427.mat,11,1,0,837.7991,0,
736.9518,Experiment4Metamer_ResponseGroup1.m,1,4,2,8,20,q,0,396,Data_7_1_20141022T140427.mat,11,2,0,736.9518,0,
713.2793,Experiment4Metamer_ResponseGroup1.m,1,15,2,12,20,q,0,397,Data_7_1_20141022T140427.mat,11,2,0,713.2793,0,
517.8392,Experiment4Metamer_ResponseGroup1.m,1,20,2,7,20,q,0,398,Data_7_1_20141022T140427.mat,11,2,0,517.8392,0,
845.9123,Experiment4Metamer_ResponseGroup1.m,1,8,2,18,20,q,0,400,Data_7_1_20141022T140427.mat,11,2,0,845.9123,0,
814.8464,Experiment4Metamer_ResponseGroup1.m,1,9,2,3,20,q,0,401,Data_7_1_20141022T140427.mat,11,2,0,814.8464,0,
887.086,Experiment4Metamer_ResponseGroup1.m,1,13,2,2,20,q,0,402,Data_7_1_20141022T140427.mat,11,2,0,887.086,0,
729.5719,Experiment4Metamer_ResponseGroup1.m,2,15,1,11,19,p,0,403,Data_7_1_20141022T140427.mat,11,2,0,729.5719,0,
881.7369,Experiment4Metamer_ResponseGroup1.m,2,20,1,11,19,p,0,404,Data_7_1_20141022T140427.mat,11,2,0,881.7369,0,
848.7179,Experiment4Metamer_ResponseGroup1.m,2,1,2,9,19,p,0,405,Data_7_1_20141022T140427.mat,11,1,0,848.7179,0,
695.2108,Experiment4Metamer_ResponseGroup1.m,2,14,2,15,19,p,0,406,Data_7_1_20141022T140427.mat,11,1,0,695.2108,0,
809.5762,Experiment4Metamer_ResponseGroup1.m,2,19,1,9,19,p,0,407,Data_7_1_20141022T140427.mat,11,2,0,809.5762,0,
601.4401,Experiment4Metamer_ResponseGroup1.m,2,14,2,6,19,p,0,408,Data_7_1_20141022T140427.mat,11,1,0,601.4401,0,
901.3751,Experiment4Metamer_ResponseGroup1.m,1,7,1,5,20,q,0,409,Data_7_1_20141022T140427.mat,11,1,0,901.3751,0,
621.7069,Experiment4Metamer_ResponseGroup1.m,2,14,1,2,19,p,0,410,Data_7_1_20141022T140427.mat,11,2,0,621.7069,0,
706.3029,Experiment4Metamer_ResponseGroup1.m,1,12,2,10,20,q,0,411,Data_7_1_20141022T140427.mat,11,2,0,706.3029,0,
660.2277,Experiment4Metamer_ResponseGroup1.m,1,11,1,15,20,q,0,412,Data_7_1_20141022T140427.mat,11,1,0,660.2277,0,
704.166,Experiment4Metamer_ResponseGroup1.m,1,6,1,12,20,q,0,413,Data_7_1_20141022T140427.mat,11,1,0,704.166,0,
803.5746,Experiment4Metamer_ResponseGroup1.m,1,12,1,1,20,q,0,415,Data_7_1_20141022T140427.mat,11,1,0,803.5746,0,
803.6544,Experiment4Metamer_ResponseGroup1.m,1,7,2,1,20,q,0,417,Data_7_1_20141022T140427.mat,11,2,0,803.6544,0,
775.6164,Experiment4Metamer_ResponseGroup1.m,2,13,2,4,19,p,0,418,Data_7_1_20141022T140427.mat,11,1,0,775.6164,0,
1004.2305,Experiment4Metamer_ResponseGroup1.m,1,11,2,11,20,q,0,419,Data_7_1_20141022T140427.mat,11,2,0,1004.2305,0,
634.9824,Experiment4Metamer_ResponseGroup1.m,1,11,1,1,20,q,0,421,Data_7_1_20141022T140427.mat,11,1,0,634.9824,0,
617.6635,Experiment4Metamer_ResponseGroup1.m,2,13,2,1,19,p,0,422,Data_7_1_20141022T140427.mat,11,1,0,617.6635,0,
626.4185,Experiment4Metamer_ResponseGroup1.m,1,17,2,15,20,q,0,423,Data_7_1_20141022T140427.mat,11,2,0,626.4185,0,
760.6528,Experiment4Metamer_ResponseGroup1.m,1,7,2,4,20,q,0,425,Data_7_1_20141022T140427.mat,11,2,0,760.6528,0,
687.245,Experiment4Metamer_ResponseGroup1.m,1,9,2,7,20,q,0,426,Data_7_1_20141022T140427.mat,11,2,0,687.245,0,
890.4313,Experiment4Metamer_ResponseGroup1.m,2,16,1,3,19,p,0,427,Data_7_1_20141022T140427.mat,11,2,0,890.4313,0,
738.8957,Experiment4Metamer_ResponseGroup1.m,1,10,2,11,20,q,0,428,Data_7_1_20141022T140427.mat,11,2,0,738.8957,0,
785.5591,Experiment4Metamer_ResponseGroup1.m,2,11,1,19,19,p,0,429,Data_7_1_20141022T140427.mat,11,2,0,785.5591,0,
829.9257,Experiment4Metamer_ResponseGroup1.m,2,10,1,19,19,p,0,430,Data_7_1_20141022T140427.mat,11,2,0,829.9257,0,
767.2319,Experiment4Metamer_ResponseGroup1.m,1,14,2,13,20,q,0,431,Data_7_1_20141022T140427.mat,11,2,0,767.2319,0,
857.1169,Experiment4Metamer_ResponseGroup1.m,1,4,2,12,20,q,0,432,Data_7_1_20141022T140427.mat,11,2,0,857.1169,0,
782.2477,Experiment4Metamer_ResponseGroup1.m,1,10,1,6,20,q,0,433,Data_7_1_20141022T140427.mat,11,1,0,782.2477,0,
820.4039,Experiment4Metamer_ResponseGroup1.m,2,11,2,18,19,p,0,434,Data_7_1_20141022T140427.mat,11,1,0,820.4039,0,
675.7208,Experiment4Metamer_ResponseGroup1.m,1,14,2,20,20,q,0,435,Data_7_1_20141022T140427.mat,11,2,0,675.7208,0,
683.8539,Experiment4Metamer_ResponseGroup1.m,2,13,2,5,19,p,0,436,Data_7_1_20141022T140427.mat,11,1,0,683.8539,0,
599.8477,Experiment4Metamer_ResponseGroup1.m,1,5,1,8,20,q,0,437,Data_7_1_20141022T140427.mat,11,1,0,599.8477,0,
772.9428,Experiment4Metamer_ResponseGroup1.m,2,7,1,7,19,p,0,438,Data_7_1_20141022T140427.mat,11,2,0,772.9428,0,
727.4873,Experiment4Metamer_ResponseGroup1.m,2,3,1,19,19,p,0,439,Data_7_1_20141022T140427.mat,11,2,0,727.4873,0,
518.5301,Experiment4Metamer_ResponseGroup1.m,2,4,2,15,19,p,0,440,Data_7_1_20141022T140427.mat,11,1,0,518.5301,0,
552.766,Experiment4Metamer_ResponseGroup1.m,2,8,1,18,19,p,0,441,Data_7_1_20141022T140427.mat,11,2,0,552.766,0,
683.7497,Experiment4Metamer_ResponseGroup1.m,2,2,2,1,19,p,0,442,Data_7_1_20141022T140427.mat,11,1,0,683.7497,0,
556.2661,Experiment4Metamer_ResponseGroup1.m,2,7,2,20,19,p,0,443,Data_7_1_20141022T140427.mat,11,1,0,556.2661,0,
914.5493,Experiment4Metamer_ResponseGroup1.m,1,5,1,7,20,q,0,445,Data_7_1_20141022T140427.mat,11,1,0,914.5493,0,
833.57,Experiment4Metamer_ResponseGroup1.m,1,4,2,19,20,q,0,446,Data_7_1_20141022T140427.mat,11,2,0,833.57,0,
770.1337,Experiment4Metamer_ResponseGroup1.m,2,16,2,12,19,p,0,447,Data_7_1_20141022T140427.mat,11,1,0,770.1337,0,
653.5757,Experiment4Metamer_ResponseGroup1.m,1,14,2,10,20,q,0,448,Data_7_1_20141022T140427.mat,11,2,0,653.5757,0,
706.1995,Experiment4Metamer_ResponseGroup1.m,1,15,2,18,20,q,0,449,Data_7_1_20141022T140427.mat,11,2,0,706.1995,0,
593.763,Experiment4Metamer_ResponseGroup1.m,2,15,1,7,19,p,0,450,Data_7_1_20141022T140427.mat,11,2,0,593.763,0,
675.1489,Experiment4Metamer_ResponseGroup1.m,1,2,2,20,20,q,0,451,Data_7_1_20141022T140427.mat,11,2,0,675.1489,0,
768.1458,Experiment4Metamer_ResponseGroup1.m,2,13,2,3,19,p,0,452,Data_7_1_20141022T140427.mat,11,1,0,768.1458,0,
782.4821,Experiment4Metamer_ResponseGroup1.m,2,11,2,15,19,p,0,453,Data_7_1_20141022T140427.mat,11,1,0,782.4821,0,
754.9486,Experiment4Metamer_ResponseGroup1.m,2,14,1,1,19,p,0,454,Data_7_1_20141022T140427.mat,11,2,0,754.9486,0,
672.2413,Experiment4Metamer_ResponseGroup1.m,1,1,2,16,20,q,0,455,Data_7_1_20141022T140427.mat,11,2,0,672.2413,0,
737.3164,Experiment4Metamer_ResponseGroup1.m,2,10,1,8,19,p,0,456,Data_7_1_20141022T140427.mat,11,2,0,737.3164,0,
698.8913,Experiment4Metamer_ResponseGroup1.m,1,6,1,11,20,q,0,457,Data_7_1_20141022T140427.mat,11,1,0,698.8913,0,
657.5704,Experiment4Metamer_ResponseGroup1.m,2,17,1,2,19,p,0,458,Data_7_1_20141022T140427.mat,11,2,0,657.5704,0,
698.0119,Experiment4Metamer_ResponseGroup1.m,2,10,2,10,19,p,0,459,Data_7_1_20141022T140427.mat,11,1,0,698.0119,0,
618.6505,Experiment4Metamer_ResponseGroup1.m,2,19,1,10,19,p,0,460,Data_7_1_20141022T140427.mat,11,2,0,618.6505,0,
1098.5873,Experiment4Metamer_ResponseGroup1.m,1,11,1,9,20,q,0,461,Data_7_1_20141022T140427.mat,11,1,0,1098.5873,0,
773.4157,Experiment4Metamer_ResponseGroup1.m,2,1,1,10,19,p,0,462,Data_7_1_20141022T140427.mat,11,2,0,773.4157,0,
686.3652,Experiment4Metamer_ResponseGroup1.m,1,12,1,14,20,q,0,463,Data_7_1_20141022T140427.mat,11,1,0,686.3652,0,
843.6949,Experiment4Metamer_ResponseGroup1.m,1,3,1,19,20,q,0,464,Data_7_1_20141022T140427.mat,11,1,0,843.6949,0,
785.2911,Experiment4Metamer_ResponseGroup1.m,1,2,1,18,20,q,0,465,Data_7_1_20141022T140427.mat,11,1,0,785.2911,0,
634.889,Experiment4Metamer_ResponseGroup1.m,1,14,1,14,20,q,0,466,Data_7_1_20141022T140427.mat,11,1,0,634.889,0,
1041.9259,Experiment4Metamer_ResponseGroup1.m,2,5,1,6,19,p,0,467,Data_7_1_20141022T140427.mat,11,2,0,1041.9259,0,
576.6055,Experiment4Metamer_ResponseGroup1.m,1,1,2,8,20,q,0,468,Data_7_1_20141022T140427.mat,11,2,0,576.6055,0,
941.7589,Experiment4Metamer_ResponseGroup1.m,1,4,1,16,20,q,0,469,Data_7_1_20141022T140427.mat,11,1,0,941.7589,0,
767.9273,Experiment4Metamer_ResponseGroup1.m,1,20,1,6,20,q,0,470,Data_7_1_20141022T140427.mat,11,1,0,767.9273,0,
611.1625,Experiment4Metamer_ResponseGroup1.m,1,4,2,5,20,q,0,471,Data_7_1_20141022T140427.mat,11,2,0,611.1625,0,
684.0953,Experiment4Metamer_ResponseGroup1.m,1,17,2,1,20,q,0,472,Data_7_1_20141022T140427.mat,11,2,0,684.0953,0,
505.6246,Experiment4Metamer_ResponseGroup1.m,1,1,1,20,20,q,0,473,Data_7_1_20141022T140427.mat,11,1,0,505.6246,0,
605.0248,Experiment4Metamer_ResponseGroup1.m,1,1,1,16,20,q,0,476,Data_7_1_20141022T140427.mat,11,1,0,605.0248,0,
643.2584,Experiment4Metamer_ResponseGroup1.m,1,13,2,14,20,q,0,477,Data_7_1_20141022T140427.mat,11,2,0,643.2584,0,
786.3816,Experiment4Metamer_ResponseGroup1.m,1,20,2,14,20,q,0,478,Data_7_1_20141022T140427.mat,11,2,0,786.3816,0,
579.4038,Experiment4Metamer_ResponseGroup1.m,1,4,2,17,20,q,0,479,Data_7_1_20141022T140427.mat,11,2,0,579.4038,0,
606.0215,Experiment4Metamer_ResponseGroup1.m,1,17,1,1,20,q,0,480,Data_7_1_20141022T140427.mat,11,1,0,606.0215,0,
671.4749,Experiment4Metamer_ResponseGroup1.m,1,8,1,15,20,q,0,481,Data_7_1_20141022T140427.mat,11,1,0,671.4749,0,
591.6622,Experiment4Metamer_ResponseGroup1.m,2,7,1,9,19,p,0,482,Data_7_1_20141022T140427.mat,11,2,0,591.6622,0,
692.4872,Experiment4Metamer_ResponseGroup1.m,2,16,2,1,19,p,0,483,Data_7_1_20141022T140427.mat,11,1,0,692.4872,0,
908.5889,Experiment4Metamer_ResponseGroup1.m,1,18,1,16,20,q,0,484,Data_7_1_20141022T140427.mat,11,1,0,908.5889,0,
600.3501,Experiment4Metamer_ResponseGroup1.m,1,11,1,14,20,q,0,486,Data_7_1_20141022T140427.mat,11,1,0,600.3501,0,
627.9349,Experiment4Metamer_ResponseGroup1.m,2,11,2,1,19,p,0,487,Data_7_1_20141022T140427.mat,11,1,0,627.9349,0,
580.9292,Experiment4Metamer_ResponseGroup1.m,1,7,2,2,20,q,0,489,Data_7_1_20141022T140427.mat,11,2,0,580.9292,0,
657.1703,Experiment4Metamer_ResponseGroup1.m,1,6,2,5,20,q,0,490,Data_7_1_20141022T140427.mat,11,2,0,657.1703,0,
698.2877,Experiment4Metamer_ResponseGroup1.m,2,2,2,5,19,p,0,491,Data_7_1_20141022T140427.mat,11,1,0,698.2877,0,
728.0428,Experiment4Metamer_ResponseGroup1.m,1,1,1,10,20,q,0,493,Data_7_1_20141022T140427.mat,11,1,0,728.0428,0,
728.2236,Experiment4Metamer_ResponseGroup1.m,2,11,2,19,19,p,0,494,Data_7_1_20141022T140427.mat,11,1,0,728.2236,0,
795.6272,Experiment4Metamer_ResponseGroup1.m,2,2,1,15,19,p,0,495,Data_7_1_20141022T140427.mat,11,2,0,795.6272,0,
797.6002,Experiment4Metamer_ResponseGroup1.m,2,15,1,18,19,p,0,496,Data_7_1_20141022T140427.mat,11,2,0,797.6002,0,
937.3063,Experiment4Metamer_ResponseGroup1.m,2,16,1,13,19,p,0,497,Data_7_1_20141022T140427.mat,11,2,0,937.3063,0,
639.7996,Experiment4Metamer_ResponseGroup1.m,2,7,2,10,19,p,0,498,Data_7_1_20141022T140427.mat,11,1,0,639.7996,0,
774.9341,Experiment4Metamer_ResponseGroup1.m,1,2,2,17,20,q,0,500,Data_7_1_20141022T140427.mat,11,2,0,774.9341,0,
742.6842,Experiment4Metamer_ResponseGroup1.m,1,4,1,2,20,q,0,502,Data_7_1_20141022T140427.mat,11,1,0,742.6842,0,
720.7295,Experiment4Metamer_ResponseGroup1.m,2,6,2,9,19,p,0,503,Data_7_1_20141022T140427.mat,11,1,0,720.7295,0,
755.1709,Experiment4Metamer_ResponseGroup1.m,2,2,2,4,19,p,0,504,Data_7_1_20141022T140427.mat,11,1,0,755.1709,0,
803.9104,Experiment4Metamer_ResponseGroup1.m,2,12,1,15,19,p,0,506,Data_7_1_20141022T140427.mat,11,2,0,803.9104,0,
753.4858,Experiment4Metamer_ResponseGroup1.m,1,5,1,18,20,q,0,509,Data_7_1_20141022T140427.mat,11,1,0,753.4858,0,
725.8974,Experiment4Metamer_ResponseGroup1.m,1,11,1,17,20,q,0,510,Data_7_1_20141022T140427.mat,11,1,0,725.8974,0,
683.5407,Experiment4Metamer_ResponseGroup1.m,2,11,1,5,19,p,0,511,Data_7_1_20141022T140427.mat,11,2,0,683.5407,0,
874.7306,Experiment4Metamer_ResponseGroup1.m,1,13,2,17,20,q,0,512,Data_7_1_20141022T140427.mat,11,2,0,874.7306,0,
619.7807,Experiment4Metamer_ResponseGroup1.m,2,6,1,11,19,p,0,513,Data_7_1_20141022T140427.mat,11,2,0,619.7807,0,
625.8829,Experiment4Metamer_ResponseGroup1.m,2,9,2,2,19,p,0,514,Data_7_1_20141022T140427.mat,11,1,0,625.8829,0,
942.8066,Experiment4Metamer_ResponseGroup1.m,2,5,1,3,19,p,0,515,Data_7_1_20141022T140427.mat,11,2,0,942.8066,0,
824.8389,Experiment4Metamer_ResponseGroup1.m,2,14,2,16,19,p,0,517,Data_7_1_20141022T140427.mat,11,1,0,824.8389,0,
703.0567,Experiment4Metamer_ResponseGroup1.m,1,10,1,8,20,q,0,518,Data_7_1_20141022T140427.mat,11,1,0,703.0567,0,
731.883,Experiment4Metamer_ResponseGroup1.m,2,2,1,1,19,p,0,519,Data_7_1_20141022T140427.mat,11,2,0,731.883,0,
1025.2823,Experiment4Metamer_ResponseGroup1.m,2,7,1,1,19,p,0,520,Data_7_1_20141022T140427.mat,11,2,0,1025.2823,0,
624.5559,Experiment4Metamer_ResponseGroup1.m,1,1,2,8,20,q,0,522,Data_7_1_20141022T140427.mat,11,2,0,624.5559,0,
625.3156,Experiment4Metamer_ResponseGroup1.m,2,7,2,11,19,p,0,523,Data_7_1_20141022T140427.mat,11,1,0,625.3156,0,
698.3617,Experiment4Metamer_ResponseGroup1.m,2,14,2,11,19,p,0,524,Data_7_1_20141022T140427.mat,11,1,0,698.3617,0,
526.5309,Experiment4Metamer_ResponseGroup1.m,2,13,1,7,19,p,0,525,Data_7_1_20141022T140427.mat,11,2,0,526.5309,0,
691.854,Experiment4Metamer_ResponseGroup1.m,2,19,1,5,19,p,0,526,Data_7_1_20141022T140427.mat,11,2,0,691.854,0,
580.9884,Experiment4Metamer_ResponseGroup1.m,2,15,1,19,19,p,0,527,Data_7_1_20141022T140427.mat,11,2,0,580.9884,0,
558.0058,Experiment4Metamer_ResponseGroup1.m,2,17,1,8,19,p,0,528,Data_7_1_20141022T140427.mat,11,2,0,558.0058,0,
495.6154,Experiment4Metamer_ResponseGroup1.m,2,15,2,18,19,p,0,529,Data_7_1_20141022T140427.mat,11,1,0,495.6154,0,
468.4311,Experiment4Metamer_ResponseGroup1.m,2,19,1,8,19,p,0,530,Data_7_1_20141022T140427.mat,11,2,0,468.4311,0,
669.5347,Experiment4Metamer_ResponseGroup1.m,2,3,1,13,19,p,0,532,Data_7_1_20141022T140427.mat,11,2,0,669.5347,0,
830.3755,Experiment4Metamer_ResponseGroup1.m,1,12,2,15,20,q,0,533,Data_7_1_20141022T140427.mat,11,2,0,830.3755,0,
898.5938,Experiment4Metamer_ResponseGroup1.m,1,14,2,5,20,q,0,534,Data_7_1_20141022T140427.mat,11,2,0,898.5938,0,
573.9874,Experiment4Metamer_ResponseGroup1.m,2,7,1,15,19,p,0,535,Data_7_1_20141022T140427.mat,11,2,0,573.9874,0,
932.7152,Experiment4Metamer_ResponseGroup1.m,1,20,1,2,20,q,0,536,Data_7_1_20141022T140427.mat,11,1,0,932.7152,0,
532.5156,Experiment4Metamer_ResponseGroup1.m,2,5,1,12,19,p,0,537,Data_7_1_20141022T140427.mat,11,2,0,532.5156,0,
764.5423,Experiment4Metamer_ResponseGroup1.m,1,12,2,9,20,q,0,538,Data_7_1_20141022T140427.mat,11,2,0,764.5423,0,
651.2971,Experiment4Metamer_ResponseGroup1.m,1,7,1,6,20,q,0,539,Data_7_1_20141022T140427.mat,11,1,0,651.2971,0,
695.5278,Experiment4Metamer_ResponseGroup1.m,2,14,1,2,19,p,0,540,Data_7_1_20141022T140427.mat,11,2,0,695.5278,0,
758.8787,Experiment4Metamer_ResponseGroup1.m,2,15,2,10,19,p,0,541,Data_7_1_20141022T140427.mat,11,1,0,758.8787,0,
765.1341,Experiment4Metamer_ResponseGroup1.m,2,1,1,6,19,p,0,542,Data_7_1_20141022T140427.mat,11,2,0,765.1341,0,
769.3985,Experiment4Metamer_ResponseGroup1.m,1,13,2,4,20,q,0,543,Data_7_1_20141022T140427.mat,11,2,0,769.3985,0,
875.7808,Experiment4Metamer_ResponseGroup1.m,1,10,1,1,20,q,0,544,Data_7_1_20141022T140427.mat,11,1,0,875.7808,0,
684.3944,Experiment4Metamer_ResponseGroup1.m,1,17,2,1,20,q,0,545,Data_7_1_20141022T140427.mat,11,2,0,684.3944,0,
664.107,Experiment4Metamer_ResponseGroup1.m,1,20,1,4,20,q,0,546,Data_7_1_20141022T140427.mat,11,1,0,664.107,0,
700.2166,Experiment4Metamer_ResponseGroup1.m,2,13,1,5,19,p,0,547,Data_7_1_20141022T140427.mat,11,2,0,700.2166,0,
785.7834,Experiment4Metamer_ResponseGroup1.m,2,4,1,13,19,p,0,548,Data_7_1_20141022T140427.mat,11,2,0,785.7834,0,
671.7623,Experiment4Metamer_ResponseGroup1.m,2,17,1,1,19,p,0,549,Data_7_1_20141022T140427.mat,11,2,0,671.7623,0,
727.4998,Experiment4Metamer_ResponseGroup1.m,2,3,2,8,19,p,0,550,Data_7_1_20141022T140427.mat,11,1,0,727.4998,0,
708.3603,Experiment4Metamer_ResponseGroup1.m,2,12,2,3,19,p,0,551,Data_7_1_20141022T140427.mat,11,1,0,708.3603,0,
924.2671,Experiment4Metamer_ResponseGroup1.m,1,18,1,5,20,q,0,552,Data_7_1_20141022T140427.mat,11,1,0,924.2671,0,
744.4605,Experiment4Metamer_ResponseGroup1.m,2,5,1,9,19,p,0,553,Data_7_1_20141022T140427.mat,11,2,0,744.4605,0,
689.4547,Experiment4Metamer_ResponseGroup1.m,1,4,2,14,20,q,0,554,Data_7_1_20141022T140427.mat,11,2,0,689.4547,0,
637.5197,Experiment4Metamer_ResponseGroup1.m,2,2,2,2,19,p,0,555,Data_7_1_20141022T140427.mat,11,1,0,637.5197,0,
736.234,Experiment4Metamer_ResponseGroup1.m,1,3,2,9,20,q,0,556,Data_7_1_20141022T140427.mat,11,2,0,736.234,0,
715.0396,Experiment4Metamer_ResponseGroup1.m,2,3,1,15,19,p,0,557,Data_7_1_20141022T140427.mat,11,2,0,715.0396,0,
552.2058,Experiment4Metamer_ResponseGroup1.m,1,12,1,20,20,q,0,559,Data_7_1_20141022T140427.mat,11,1,0,552.2058,0,
694.0628,Experiment4Metamer_ResponseGroup1.m,2,3,2,2,19,p,0,560,Data_7_1_20141022T140427.mat,11,1,0,694.0628,0,
542.8039,Experiment4Metamer_ResponseGroup1.m,1,18,2,17,20,q,0,561,Data_7_1_20141022T140427.mat,11,2,0,542.8039,0,
691.4895,Experiment4Metamer_ResponseGroup1.m,1,7,1,2,20,q,0,562,Data_7_1_20141022T140427.mat,11,1,0,691.4895,0,
791.8722,Experiment4Metamer_ResponseGroup1.m,2,15,2,13,19,p,0,564,Data_7_1_20141022T140427.mat,11,1,0,791.8722,0,
668.7098,Experiment4Metamer_ResponseGroup1.m,2,7,2,3,19,p,0,565,Data_7_1_20141022T140427.mat,11,1,0,668.7098,0,
685.7789,Experiment4Metamer_ResponseGroup1.m,1,5,1,19,20,q,0,566,Data_7_1_20141022T140427.mat,11,1,0,685.7789,0,
658.2412,Experiment4Metamer_ResponseGroup1.m,2,3,1,14,19,p,0,567,Data_7_1_20141022T140427.mat,11,2,0,658.2412,0,
927.7521,Experiment4Metamer_ResponseGroup1.m,1,3,1,19,20,q,0,568,Data_7_1_20141022T140427.mat,11,1,0,927.7521,0,
674.3814,Experiment4Metamer_ResponseGroup1.m,2,9,2,9,19,p,0,569,Data_7_1_20141022T140427.mat,11,1,0,674.3814,0,
594.9134,Experiment4Metamer_ResponseGroup1.m,1,10,1,14,20,q,0,571,Data_7_1_20141022T140427.mat,11,1,0,594.9134,0,
1034.1483,Experiment4Metamer_ResponseGroup1.m,1,1,2,7,20,q,0,573,Data_7_1_20141022T140427.mat,11,2,0,1034.1483,0,
610.7423,Experiment4Metamer_ResponseGroup1.m,1,19,1,9,20,q,0,574,Data_7_1_20141022T140427.mat,11,1,0,610.7423,0,
807.8356,Experiment4Metamer_ResponseGroup1.m,2,1,1,12,19,p,0,575,Data_7_1_20141022T140427.mat,11,2,0,807.8356,0,
981.4414,Experiment4Metamer_ResponseGroup1.m,2,3,2,19,19,p,0,576,Data_7_1_20141022T140427.mat,11,1,0,981.4414,0,
702.4237,Experiment4Metamer_ResponseGroup1.m,1,4,1,9,20,q,0,577,Data_7_1_20141022T140427.mat,11,1,0,702.4237,0,
658.5692,Experiment4Metamer_ResponseGroup1.m,1,12,2,13,20,q,0,578,Data_7_1_20141022T140427.mat,11,2,0,658.5692,0,
896.078,Experiment4Metamer_ResponseGroup1.m,2,17,2,8,19,p,0,579,Data_7_1_20141022T140427.mat,11,1,0,896.078,0,
828.699,Experiment4Metamer_ResponseGroup1.m,2,13,2,7,19,p,0,580,Data_7_1_20141022T140427.mat,11,1,0,828.699,0,
943.8053,Experiment4Metamer_ResponseGroup1.m,2,2,1,15,19,p,0,581,Data_7_1_20141022T140427.mat,11,2,0,943.8053,0,
748.1351,Experiment4Metamer_ResponseGroup1.m,2,16,2,16,19,p,0,582,Data_7_1_20141022T140427.mat,11,1,0,748.1351,0,
667.2952,Experiment4Metamer_ResponseGroup1.m,2,1,1,4,19,p,0,583,Data_7_1_20141022T140427.mat,11,2,0,667.2952,0,
664.1403,Experiment4Metamer_ResponseGroup1.m,2,3,1,11,19,p,0,584,Data_7_1_20141022T140427.mat,11,2,0,664.1403,0,
740.3237,Experiment4Metamer_ResponseGroup1.m,2,18,1,14,19,p,0,585,Data_7_1_20141022T140427.mat,11,2,0,740.3237,0,
605.7976,Experiment4Metamer_ResponseGroup1.m,2,8,2,2,19,p,0,587,Data_7_1_20141022T140427.mat,11,1,0,605.7976,0,
585.7846,Experiment4Metamer_ResponseGroup1.m,2,1,2,17,19,p,0,588,Data_7_1_20141022T140427.mat,11,1,0,585.7846,0,
619.7723,Experiment4Metamer_ResponseGroup1.m,2,18,1,9,19,p,0,589,Data_7_1_20141022T140427.mat,11,2,0,619.7723,0,
544.1341,Experiment4Metamer_ResponseGroup1.m,1,6,1,2,20,q,0,590,Data_7_1_20141022T140427.mat,11,1,0,544.1341,0,
610.7537,Experiment4Metamer_ResponseGroup1.m,2,4,2,5,19,p,0,591,Data_7_1_20141022T140427.mat,11,1,0,610.7537,0,
847.8407,Experiment4Metamer_ResponseGroup1.m,1,9,2,8,20,q,0,592,Data_7_1_20141022T140427.mat,11,2,0,847.8407,0,
691.6312,Experiment4Metamer_ResponseGroup1.m,2,19,2,7,19,p,0,593,Data_7_1_20141022T140427.mat,11,1,0,691.6312,0,
964.3599,Experiment4Metamer_ResponseGroup1.m,1,18,1,20,20,q,0,594,Data_7_1_20141022T140427.mat,11,1,0,964.3599,0,
615.2437,Experiment4Metamer_ResponseGroup1.m,2,2,2,6,19,p,0,595,Data_7_1_20141022T140427.mat,11,1,0,615.2437,0,
755.8822,Experiment4Metamer_ResponseGroup1.m,1,5,2,7,20,q,0,596,Data_7_1_20141022T140427.mat,11,2,0,755.8822,0,
545.3006,Experiment4Metamer_ResponseGroup1.m,2,3,1,14,19,p,0,597,Data_7_1_20141022T140427.mat,11,2,0,545.3006,0,
577.7776,Experiment4Metamer_ResponseGroup1.m,2,1,1,17,19,p,0,598,Data_7_1_20141022T140427.mat,11,2,0,577.7776,0,
774.563,Experiment4Metamer_ResponseGroup1.m,2,18,1,8,19,p,0,599,Data_7_1_20141022T140427.mat,11,2,0,774.563,0,
613.9892,Experiment4Metamer_ResponseGroup1.m,2,8,1,17,19,p,0,600,Data_7_1_20141022T140427.mat,11,2,0,613.9892,0,
706.7173,Experiment4Metamer_ResponseGroup1.m,1,13,1,9,20,q,0,601,Data_7_1_20141022T140427.mat,11,1,0,706.7173,0,
596.3112,Experiment4Metamer_ResponseGroup1.m,2,7,1,14,19,p,0,602,Data_7_1_20141022T140427.mat,11,2,0,596.3112,0,
873.9169,Experiment4Metamer_ResponseGroup1.m,1,15,1,17,20,q,0,603,Data_7_1_20141022T140427.mat,11,1,0,873.9169,0,
722.0982,Experiment4Metamer_ResponseGroup1.m,2,18,2,4,19,p,0,604,Data_7_1_20141022T140427.mat,11,1,0,722.0982,0,
846.7313,Experiment4Metamer_ResponseGroup1.m,1,17,1,4,20,q,0,605,Data_7_1_20141022T140427.mat,11,1,0,846.7313,0,
804.8377,Experiment4Metamer_ResponseGroup1.m,1,15,2,1,20,q,0,606,Data_7_1_20141022T140427.mat,11,2,0,804.8377,0,
781.308,Experiment4Metamer_ResponseGroup1.m,2,17,2,16,19,p,0,607,Data_7_1_20141022T140427.mat,11,1,0,781.308,0,
778.2101,Experiment4Metamer_ResponseGroup1.m,1,10,1,17,20,q,0,608,Data_7_1_20141022T140427.mat,11,1,0,778.2101,0,
614.821,Experiment4Metamer_ResponseGroup1.m,1,10,2,16,20,q,0,610,Data_7_1_20141022T140427.mat,11,2,0,614.821,0,
584.5199,Experiment4Metamer_ResponseGroup1.m,1,11,1,11,20,q,0,611,Data_7_1_20141022T140427.mat,11,1,0,584.5199,0,
614.13,Experiment4Metamer_ResponseGroup1.m,1,16,1,2,20,q,0,612,Data_7_1_20141022T140427.mat,11,1,0,614.13,0,
878.588,Experiment4Metamer_ResponseGroup1.m,1,12,1,8,20,q,0,614,Data_7_1_20141022T140427.mat,11,1,0,878.588,0,
753.2768,Experiment4Metamer_ResponseGroup1.m,2,2,1,9,19,p,0,615,Data_7_1_20141022T140427.mat,11,2,0,753.2768,0,
639.1839,Experiment4Metamer_ResponseGroup1.m,2,2,1,19,19,p,0,616,Data_7_1_20141022T140427.mat,11,2,0,639.1839,0,
812.7593,Experiment4Metamer_ResponseGroup1.m,1,18,1,7,20,q,0,617,Data_7_1_20141022T140427.mat,11,1,0,812.7593,0,
707.4965,Experiment4Metamer_ResponseGroup1.m,1,14,1,16,20,q,0,618,Data_7_1_20141022T140427.mat,11,1,0,707.4965,0,
786.7303,Experiment4Metamer_ResponseGroup1.m,2,5,1,17,19,p,0,619,Data_7_1_20141022T140427.mat,11,2,0,786.7303,0,
697.2502,Experiment4Metamer_ResponseGroup1.m,1,10,2,12,20,q,0,620,Data_7_1_20141022T140427.mat,11,2,0,697.2502,0,
782.0158,Experiment4Metamer_ResponseGroup1.m,1,3,2,11,20,q,0,621,Data_7_1_20141022T140427.mat,11,2,0,782.0158,0,
630.6861,Experiment4Metamer_ResponseGroup1.m,2,18,2,19,19,p,0,622,Data_7_1_20141022T140427.mat,11,1,0,630.6861,0,
819.8239,Experiment4Metamer_ResponseGroup1.m,1,18,2,10,20,q,0,623,Data_7_1_20141022T140427.mat,11,2,0,819.8239,0,
642.4455,Experiment4Metamer_ResponseGroup1.m,2,8,1,13,19,p,0,624,Data_7_1_20141022T140427.mat,11,2,0,642.4455,0,
760.6735,Experiment4Metamer_ResponseGroup1.m,1,1,2,12,20,q,0,625,Data_7_1_20141022T140427.mat,11,2,0,760.6735,0,
757.2981,Experiment4Metamer_ResponseGroup1.m,2,8,2,16,19,p,0,626,Data_7_1_20141022T140427.mat,11,1,0,757.2981,0,
610.752,Experiment4Metamer_ResponseGroup1.m,2,10,1,11,19,p,0,627,Data_7_1_20141022T140427.mat,11,2,0,610.752,0,
609.3306,Experiment4Metamer_ResponseGroup1.m,2,10,2,9,19,p,0,628,Data_7_1_20141022T140427.mat,11,1,0,609.3306,0,
961.1802,Experiment4Metamer_ResponseGroup1.m,1,15,1,7,20,q,0,629,Data_7_1_20141022T140427.mat,11,1,0,961.1802,0,
512.8469,Experiment4Metamer_ResponseGroup1.m,2,1,1,16,19,p,0,630,Data_7_1_20141022T140427.mat,11,2,0,512.8469,0,
576.6229,Experiment4Metamer_ResponseGroup1.m,1,15,1,8,20,q,0,631,Data_7_1_20141022T140427.mat,11,1,0,576.6229,0,
670.3066,Experiment4Metamer_ResponseGroup1.m,2,10,2,1,19,p,0,632,Data_7_1_20141022T140427.mat,11,1,0,670.3066,0,
719.0213,Experiment4Metamer_ResponseGroup1.m,1,9,2,10,20,q,0,633,Data_7_1_20141022T140427.mat,11,2,0,719.0213,0,
749.059,Experiment4Metamer_ResponseGroup1.m,2,2,2,18,19,p,0,634,Data_7_1_20141022T140427.mat,11,1,0,749.059,0,
653.0013,Experiment4Metamer_ResponseGroup1.m,2,3,2,20,19,p,0,635,Data_7_1_20141022T140427.mat,11,1,0,653.0013,0,
690.5293,Experiment4Metamer_ResponseGroup1.m,1,18,2,2,20,q,0,636,Data_7_1_20141022T140427.mat,11,2,0,690.5293,0,
661.1685,Experiment4Metamer_ResponseGroup1.m,1,20,1,9,20,q,0,637,Data_7_1_20141022T140427.mat,11,1,0,661.1685,0,
610.5063,Experiment4Metamer_ResponseGroup1.m,1,10,2,10,20,q,0,639,Data_7_1_20141022T140427.mat,11,2,0,610.5063,0,
775.75,Experiment4Metamer_ResponseGroup1.m,2,7,2,15,19,p,0,640,Data_7_1_20141022T140427.mat,11,1,0,775.75,0,
596.6908,Experiment4Metamer_ResponseGroup1.m,2,18,2,8,19,p,0,641,Data_7_1_20141022T140427.mat,11,1,0,596.6908,0,
837.1037,Experiment4Metamer_ResponseGroup1.m,1,9,2,6,20,q,0,642,Data_7_1_20141022T140427.mat,11,2,0,837.1037,0,
683.8016,Experiment4Metamer_ResponseGroup1.m,2,19,2,20,19,p,0,643,Data_7_1_20141022T140427.mat,11,1,0,683.8016,0,
571.9478,Experiment4Metamer_ResponseGroup1.m,1,16,1,18,20,q,0,644,Data_7_1_20141022T140427.mat,11,1,0,571.9478,0,
743.2479,Experiment4Metamer_ResponseGroup1.m,2,12,1,12,19,p,0,645,Data_7_1_20141022T140427.mat,11,2,0,743.2479,0,
734.2327,Experiment4Metamer_ResponseGroup1.m,2,13,2,12,19,p,0,646,Data_7_1_20141022T140427.mat,11,1,0,734.2327,0,
648.9994,Experiment4Metamer_ResponseGroup1.m,2,15,2,7,19,p,0,647,Data_7_1_20141022T140427.mat,11,1,0,648.9994,0,
609.926,Experiment4Metamer_ResponseGroup1.m,1,16,2,16,20,q,0,648,Data_7_1_20141022T140427.mat,11,2,0,609.926,0,
523.12,Experiment4Metamer_ResponseGroup1.m,1,18,2,19,20,q,0,649,Data_7_1_20141022T140427.mat,11,2,0,523.12,0,
739.7746,Experiment4Metamer_ResponseGroup1.m,2,2,2,6,19,p,0,650,Data_7_1_20141022T140427.mat,11,1,0,739.7746,0,
