RT,expName,currWordCategory,currWordNumber,currImageCategory,currImageNumber,pressedKeyNum,pressedKeyName,error,
0.92565,Experiment4Metamer_ResponseGroup1.m,2,5,2,3,20,q,1,
1.2888,Experiment4Metamer_ResponseGroup1.m,2,1,1,4,19,p,0,
0.86061,Experiment4Metamer_ResponseGroup1.m,2,4,1,1,19,p,0,
0.61671,Experiment4Metamer_ResponseGroup1.m,2,3,1,4,20,q,1,
1.5667,Experiment4Metamer_ResponseGroup1.m,1,2,2,1,20,q,0,
0.85476,Experiment4Metamer_ResponseGroup1.m,2,5,1,3,19,p,0,
0.72951,Experiment4Metamer_ResponseGroup1.m,2,1,2,4,19,p,0,
0.76378,Experiment4Metamer_ResponseGroup1.m,1,3,2,3,20,q,0,
0.7935,Experiment4Metamer_ResponseGroup1.m,2,1,1,5,19,p,0,
0.62159,Experiment4Metamer_ResponseGroup1.m,1,2,1,1,20,q,0,
0.90235,Experiment4Metamer_ResponseGroup1.m,1,15,2,7,20,q,0,
0.91753,Experiment4Metamer_ResponseGroup1.m,1,13,2,10,20,q,0,
0.96554,Experiment4Metamer_ResponseGroup1.m,1,17,2,7,20,q,0,
0.56032,Experiment4Metamer_ResponseGroup1.m,2,19,2,20,19,p,0,
0.62153,Experiment4Metamer_ResponseGroup1.m,1,20,1,4,20,q,0,
0.73003,Experiment4Metamer_ResponseGroup1.m,2,1,1,2,19,p,0,
0.50086,Experiment4Metamer_ResponseGroup1.m,1,14,1,15,20,q,0,
0.92872,Experiment4Metamer_ResponseGroup1.m,2,12,2,3,19,p,0,
0.93225,Experiment4Metamer_ResponseGroup1.m,2,15,2,15,19,p,0,
0.95591,Experiment4Metamer_ResponseGroup1.m,2,6,2,12,19,p,0,
0.63941,Experiment4Metamer_ResponseGroup1.m,1,17,1,13,20,q,0,
0.68314,Experiment4Metamer_ResponseGroup1.m,1,19,1,11,20,q,0,
0.53661,Experiment4Metamer_ResponseGroup1.m,2,2,1,5,19,p,0,
0.77124,Experiment4Metamer_ResponseGroup1.m,1,3,2,3,20,q,0,
0.9229,Experiment4Metamer_ResponseGroup1.m,2,18,1,11,19,p,0,
0.7922,Experiment4Metamer_ResponseGroup1.m,2,7,1,18,19,p,0,
0.61326,Experiment4Metamer_ResponseGroup1.m,1,11,2,7,20,q,0,
0.62678,Experiment4Metamer_ResponseGroup1.m,1,19,1,17,20,q,0,
0.55922,Experiment4Metamer_ResponseGroup1.m,1,6,1,11,20,q,0,
0.7579,Experiment4Metamer_ResponseGroup1.m,2,18,1,17,19,p,0,
0.69924,Experiment4Metamer_ResponseGroup1.m,1,9,2,18,20,q,0,
0.51132,Experiment4Metamer_ResponseGroup1.m,1,3,2,4,20,q,0,
0.42644,Experiment4Metamer_ResponseGroup1.m,1,13,1,6,20,q,0,
0.66915,Experiment4Metamer_ResponseGroup1.m,2,3,1,14,19,p,0,
0.71963,Experiment4Metamer_ResponseGroup1.m,2,12,1,4,19,p,0,
0.76772,Experiment4Metamer_ResponseGroup1.m,2,4,2,6,19,p,0,
0.78653,Experiment4Metamer_ResponseGroup1.m,2,12,2,11,19,p,0,
0.80458,Experiment4Metamer_ResponseGroup1.m,1,8,2,5,20,q,0,
0.65102,Experiment4Metamer_ResponseGroup1.m,1,18,1,4,20,q,0,
0.62977,Experiment4Metamer_ResponseGroup1.m,1,5,1,12,20,q,0,
0.72866,Experiment4Metamer_ResponseGroup1.m,2,20,1,15,19,p,0,
0.65404,Experiment4Metamer_ResponseGroup1.m,2,8,1,16,19,p,0,
0.59917,Experiment4Metamer_ResponseGroup1.m,2,16,1,13,20,q,1,
0.7328,Experiment4Metamer_ResponseGroup1.m,2,20,2,6,19,p,0,
0.63474,Experiment4Metamer_ResponseGroup1.m,1,17,1,20,20,q,0,
0.76744,Experiment4Metamer_ResponseGroup1.m,1,10,2,17,20,q,0,
1.3982,Experiment4Metamer_ResponseGroup1.m,2,2,2,19,19,p,0,
0.70535,Experiment4Metamer_ResponseGroup1.m,2,7,2,13,19,p,0,
0.5768,Experiment4Metamer_ResponseGroup1.m,2,8,1,2,19,p,0,
0.62613,Experiment4Metamer_ResponseGroup1.m,1,18,2,20,20,q,0,
0.62141,Experiment4Metamer_ResponseGroup1.m,2,6,1,19,19,p,0,
0.51267,Experiment4Metamer_ResponseGroup1.m,1,6,2,2,20,q,0,
0.47993,Experiment4Metamer_ResponseGroup1.m,2,10,2,11,19,p,0,
0.68595,Experiment4Metamer_ResponseGroup1.m,2,10,1,1,19,p,0,
0.45891,Experiment4Metamer_ResponseGroup1.m,1,12,1,18,19,p,1,
0.76668,Experiment4Metamer_ResponseGroup1.m,1,7,1,13,20,q,0,
0.56769,Experiment4Metamer_ResponseGroup1.m,1,9,2,7,20,q,0,
0.72378,Experiment4Metamer_ResponseGroup1.m,1,20,2,3,20,q,0,
0.70336,Experiment4Metamer_ResponseGroup1.m,1,1,1,20,20,q,0,
0.47643,Experiment4Metamer_ResponseGroup1.m,1,6,2,18,20,q,0,
0.762,Experiment4Metamer_ResponseGroup1.m,2,1,2,8,19,p,0,
0.57186,Experiment4Metamer_ResponseGroup1.m,2,16,2,19,19,p,0,
0.69717,Experiment4Metamer_ResponseGroup1.m,1,15,2,5,20,q,0,
0.59207,Experiment4Metamer_ResponseGroup1.m,1,2,2,20,20,q,0,
0.53374,Experiment4Metamer_ResponseGroup1.m,1,3,1,12,20,q,0,
1.1171,Experiment4Metamer_ResponseGroup1.m,2,14,2,15,19,p,0,
0.59915,Experiment4Metamer_ResponseGroup1.m,1,13,2,7,20,q,0,
0.64502,Experiment4Metamer_ResponseGroup1.m,2,3,1,3,19,p,0,
0.61779,Experiment4Metamer_ResponseGroup1.m,1,2,1,19,20,q,0,
0.70874,Experiment4Metamer_ResponseGroup1.m,2,12,1,2,19,p,0,
0.62304,Experiment4Metamer_ResponseGroup1.m,2,18,2,10,20,q,1,
0.57631,Experiment4Metamer_ResponseGroup1.m,2,20,1,20,19,p,0,
0.60193,Experiment4Metamer_ResponseGroup1.m,1,10,2,12,20,q,0,
0.90747,Experiment4Metamer_ResponseGroup1.m,2,13,2,20,19,p,0,
0.70388,Experiment4Metamer_ResponseGroup1.m,1,9,1,9,20,q,0,
0.63845,Experiment4Metamer_ResponseGroup1.m,2,8,2,9,19,p,0,
0.76039,Experiment4Metamer_ResponseGroup1.m,2,2,2,9,19,p,0,
0.64015,Experiment4Metamer_ResponseGroup1.m,2,16,2,3,19,p,0,
0.54005,Experiment4Metamer_ResponseGroup1.m,1,8,2,14,20,q,0,
0.56753,Experiment4Metamer_ResponseGroup1.m,1,19,2,10,20,q,0,
0.72863,Experiment4Metamer_ResponseGroup1.m,2,2,2,6,19,p,0,
0.72931,Experiment4Metamer_ResponseGroup1.m,2,1,2,16,19,p,0,
1.0318,Experiment4Metamer_ResponseGroup1.m,2,20,2,16,19,p,0,
0.86437,Experiment4Metamer_ResponseGroup1.m,1,13,2,17,20,q,0,
0.67671,Experiment4Metamer_ResponseGroup1.m,1,20,1,6,20,q,0,
0.64834,Experiment4Metamer_ResponseGroup1.m,1,2,2,7,20,q,0,
0.64641,Experiment4Metamer_ResponseGroup1.m,2,19,2,5,19,p,0,
0.83212,Experiment4Metamer_ResponseGroup1.m,1,5,2,8,20,q,0,
0.68061,Experiment4Metamer_ResponseGroup1.m,2,16,2,2,19,p,0,
0.58261,Experiment4Metamer_ResponseGroup1.m,1,20,1,9,20,q,0,
0.68272,Experiment4Metamer_ResponseGroup1.m,1,15,1,12,20,q,0,
0.59647,Experiment4Metamer_ResponseGroup1.m,1,14,2,11,20,q,0,
0.68959,Experiment4Metamer_ResponseGroup1.m,2,12,2,5,19,p,0,
0.84042,Experiment4Metamer_ResponseGroup1.m,2,11,1,17,19,p,0,
0.66943,Experiment4Metamer_ResponseGroup1.m,1,9,1,3,20,q,0,
0.58369,Experiment4Metamer_ResponseGroup1.m,2,1,1,20,19,p,0,
0.61108,Experiment4Metamer_ResponseGroup1.m,1,5,2,12,20,q,0,
0.56957,Experiment4Metamer_ResponseGroup1.m,2,12,1,20,19,p,0,
0.65898,Experiment4Metamer_ResponseGroup1.m,2,2,2,7,19,p,0,
0.66731,Experiment4Metamer_ResponseGroup1.m,2,4,2,20,19,p,0,
0.64644,Experiment4Metamer_ResponseGroup1.m,1,9,2,6,20,q,0,
0.61537,Experiment4Metamer_ResponseGroup1.m,2,13,2,11,19,p,0,
0.49947,Experiment4Metamer_ResponseGroup1.m,1,8,2,3,20,q,0,
0.77251,Experiment4Metamer_ResponseGroup1.m,2,6,1,6,19,p,0,
0.64964,Experiment4Metamer_ResponseGroup1.m,2,5,2,18,19,p,0,
0.935,Experiment4Metamer_ResponseGroup1.m,1,14,1,9,20,q,0,
0.62843,Experiment4Metamer_ResponseGroup1.m,2,5,1,12,19,p,0,
0.62162,Experiment4Metamer_ResponseGroup1.m,1,13,2,7,20,q,0,
0.59404,Experiment4Metamer_ResponseGroup1.m,1,5,1,8,20,q,0,
0.63887,Experiment4Metamer_ResponseGroup1.m,1,13,1,1,20,q,0,
0.74753,Experiment4Metamer_ResponseGroup1.m,2,1,2,18,19,p,0,
0.78381,Experiment4Metamer_ResponseGroup1.m,1,3,2,8,20,q,0,
0.61719,Experiment4Metamer_ResponseGroup1.m,1,13,2,17,20,q,0,
0.96313,Experiment4Metamer_ResponseGroup1.m,1,3,1,4,20,q,0,
0.50836,Experiment4Metamer_ResponseGroup1.m,1,17,2,5,20,q,0,
0.53181,Experiment4Metamer_ResponseGroup1.m,1,15,1,5,20,q,0,
0.58533,Experiment4Metamer_ResponseGroup1.m,2,18,2,11,19,p,0,
0.56404,Experiment4Metamer_ResponseGroup1.m,2,16,1,18,19,p,0,
0.80683,Experiment4Metamer_ResponseGroup1.m,2,18,2,11,19,p,0,
0.58512,Experiment4Metamer_ResponseGroup1.m,2,16,2,14,19,p,0,
0.78445,Experiment4Metamer_ResponseGroup1.m,2,14,2,17,19,p,0,
0.66558,Experiment4Metamer_ResponseGroup1.m,1,11,2,15,20,q,0,
0.78326,Experiment4Metamer_ResponseGroup1.m,1,8,2,19,20,q,0,
0.5753,Experiment4Metamer_ResponseGroup1.m,2,13,1,15,19,p,0,
0.58189,Experiment4Metamer_ResponseGroup1.m,1,3,1,6,20,q,0,
1.5373,Experiment4Metamer_ResponseGroup1.m,1,11,2,10,20,q,0,
0.56956,Experiment4Metamer_ResponseGroup1.m,1,14,1,17,20,q,0,
0.72439,Experiment4Metamer_ResponseGroup1.m,2,1,2,14,19,p,0,
0.58586,Experiment4Metamer_ResponseGroup1.m,1,6,2,13,20,q,0,
0.66082,Experiment4Metamer_ResponseGroup1.m,1,5,2,15,20,q,0,
0.65265,Experiment4Metamer_ResponseGroup1.m,2,15,2,4,19,p,0,
888,Experiment4Metamer_ResponseGroup1.m,1,2,2,11,888,888,888,
888,Experiment4Metamer_ResponseGroup1.m,1,20,1,18,888,888,888,
0.70359,Experiment4Metamer_ResponseGroup1.m,1,13,2,13,20,q,0,
0.78661,Experiment4Metamer_ResponseGroup1.m,2,14,1,12,19,p,0,
0.94378,Experiment4Metamer_ResponseGroup1.m,1,17,1,20,20,q,0,
0.61412,Experiment4Metamer_ResponseGroup1.m,2,18,1,6,19,p,0,
0.63951,Experiment4Metamer_ResponseGroup1.m,1,13,2,9,20,q,0,
1.0625,Experiment4Metamer_ResponseGroup1.m,2,19,1,9,19,p,0,
0.51819,Experiment4Metamer_ResponseGroup1.m,1,20,1,12,20,q,0,
0.65765,Experiment4Metamer_ResponseGroup1.m,2,2,2,20,19,p,0,
0.53039,Experiment4Metamer_ResponseGroup1.m,1,16,1,4,19,p,1,
0.74342,Experiment4Metamer_ResponseGroup1.m,2,20,2,6,19,p,0,
0.81824,Experiment4Metamer_ResponseGroup1.m,1,15,2,13,20,q,0,
0.59532,Experiment4Metamer_ResponseGroup1.m,2,7,1,4,19,p,0,
0.79668,Experiment4Metamer_ResponseGroup1.m,2,12,2,16,19,p,0,
0.58666,Experiment4Metamer_ResponseGroup1.m,2,16,1,8,19,p,0,
0.70108,Experiment4Metamer_ResponseGroup1.m,1,3,1,13,20,q,0,
0.63893,Experiment4Metamer_ResponseGroup1.m,1,16,1,12,20,q,0,
0.61345,Experiment4Metamer_ResponseGroup1.m,2,8,1,12,19,p,0,
0.743,Experiment4Metamer_ResponseGroup1.m,1,20,1,15,20,q,0,
0.58068,Experiment4Metamer_ResponseGroup1.m,1,14,1,3,20,q,0,
0.55407,Experiment4Metamer_ResponseGroup1.m,1,5,2,4,20,q,0,
0.48014,Experiment4Metamer_ResponseGroup1.m,1,3,1,9,20,q,0,
0.56936,Experiment4Metamer_ResponseGroup1.m,1,17,2,6,20,q,0,
0.84752,Experiment4Metamer_ResponseGroup1.m,2,13,1,17,19,p,0,
0.82428,Experiment4Metamer_ResponseGroup1.m,1,4,2,3,20,q,0,
0.65426,Experiment4Metamer_ResponseGroup1.m,1,5,1,10,20,q,0,
0.57381,Experiment4Metamer_ResponseGroup1.m,1,14,1,7,20,q,0,
0.7282,Experiment4Metamer_ResponseGroup1.m,2,7,1,10,19,p,0,
1.084,Experiment4Metamer_ResponseGroup1.m,1,2,2,2,20,q,0,
0.60944,Experiment4Metamer_ResponseGroup1.m,1,8,1,2,20,q,0,
0.61121,Experiment4Metamer_ResponseGroup1.m,1,19,2,19,20,q,0,
0.55935,Experiment4Metamer_ResponseGroup1.m,1,15,2,6,20,q,0,
0.50767,Experiment4Metamer_ResponseGroup1.m,1,15,1,20,20,q,0,
0.56107,Experiment4Metamer_ResponseGroup1.m,1,19,1,18,20,q,0,
0.63562,Experiment4Metamer_ResponseGroup1.m,1,18,1,5,20,q,0,
0.74128,Experiment4Metamer_ResponseGroup1.m,1,4,1,18,20,q,0,
0.82475,Experiment4Metamer_ResponseGroup1.m,2,14,2,9,19,p,0,
0.7222,Experiment4Metamer_ResponseGroup1.m,2,18,2,13,19,p,0,
0.68816,Experiment4Metamer_ResponseGroup1.m,2,2,2,19,19,p,0,
0.59533,Experiment4Metamer_ResponseGroup1.m,2,10,2,9,19,p,0,
0.90116,Experiment4Metamer_ResponseGroup1.m,1,2,2,16,20,q,0,
0.64256,Experiment4Metamer_ResponseGroup1.m,2,3,2,12,19,p,0,
0.96959,Experiment4Metamer_ResponseGroup1.m,1,4,2,3,20,q,0,
0.6385,Experiment4Metamer_ResponseGroup1.m,2,17,2,19,19,p,0,
0.55637,Experiment4Metamer_ResponseGroup1.m,1,12,2,6,19,p,1,
0.79176,Experiment4Metamer_ResponseGroup1.m,2,9,2,2,19,p,0,
0.66163,Experiment4Metamer_ResponseGroup1.m,2,1,1,18,19,p,0,
0.72426,Experiment4Metamer_ResponseGroup1.m,1,4,2,3,20,q,0,
0.95653,Experiment4Metamer_ResponseGroup1.m,2,19,1,18,19,p,0,
0.79544,Experiment4Metamer_ResponseGroup1.m,1,17,2,8,20,q,0,
0.6928,Experiment4Metamer_ResponseGroup1.m,2,3,1,3,19,p,0,
0.59146,Experiment4Metamer_ResponseGroup1.m,2,1,2,10,19,p,0,
0.79486,Experiment4Metamer_ResponseGroup1.m,1,7,2,10,20,q,0,
0.68886,Experiment4Metamer_ResponseGroup1.m,2,2,1,5,19,p,0,
0.89891,Experiment4Metamer_ResponseGroup1.m,2,18,2,5,19,p,0,
0.64984,Experiment4Metamer_ResponseGroup1.m,1,17,1,17,20,q,0,
0.63825,Experiment4Metamer_ResponseGroup1.m,2,11,1,3,19,p,0,
0.63166,Experiment4Metamer_ResponseGroup1.m,1,12,1,1,20,q,0,
0.79908,Experiment4Metamer_ResponseGroup1.m,1,10,2,20,20,q,0,
0.94555,Experiment4Metamer_ResponseGroup1.m,2,11,1,10,19,p,0,
0.72989,Experiment4Metamer_ResponseGroup1.m,1,11,1,2,20,q,0,
1.7603,Experiment4Metamer_ResponseGroup1.m,2,9,2,8,19,p,0,
0.67796,Experiment4Metamer_ResponseGroup1.m,2,13,1,7,19,p,0,
0.78392,Experiment4Metamer_ResponseGroup1.m,1,18,2,14,20,q,0,
0.61566,Experiment4Metamer_ResponseGroup1.m,1,17,1,4,20,q,0,
0.54284,Experiment4Metamer_ResponseGroup1.m,1,5,1,18,20,q,0,
0.55614,Experiment4Metamer_ResponseGroup1.m,2,13,1,13,19,p,0,
0.62331,Experiment4Metamer_ResponseGroup1.m,2,18,2,4,19,p,0,
0.61925,Experiment4Metamer_ResponseGroup1.m,2,8,2,20,19,p,0,
0.60307,Experiment4Metamer_ResponseGroup1.m,1,20,1,20,20,q,0,
0.79232,Experiment4Metamer_ResponseGroup1.m,2,16,1,13,19,p,0,
0.82185,Experiment4Metamer_ResponseGroup1.m,2,19,2,2,19,p,0,
0.69428,Experiment4Metamer_ResponseGroup1.m,1,1,2,16,20,q,0,
0.7602,Experiment4Metamer_ResponseGroup1.m,2,11,1,9,19,p,0,
0.66271,Experiment4Metamer_ResponseGroup1.m,2,12,2,19,19,p,0,
0.51248,Experiment4Metamer_ResponseGroup1.m,2,18,2,7,19,p,0,
0.53612,Experiment4Metamer_ResponseGroup1.m,1,7,1,5,19,p,1,
0.68569,Experiment4Metamer_ResponseGroup1.m,1,13,2,4,20,q,0,
0.57225,Experiment4Metamer_ResponseGroup1.m,1,1,2,17,20,q,0,
0.81212,Experiment4Metamer_ResponseGroup1.m,2,12,1,5,19,p,0,
0.87085,Experiment4Metamer_ResponseGroup1.m,1,9,2,6,20,q,0,
0.67822,Experiment4Metamer_ResponseGroup1.m,1,18,2,6,20,q,0,
0.71609,Experiment4Metamer_ResponseGroup1.m,2,5,1,1,19,p,0,
0.79289,Experiment4Metamer_ResponseGroup1.m,2,9,2,3,19,p,0,
0.59241,Experiment4Metamer_ResponseGroup1.m,2,20,1,10,19,p,0,
0.66516,Experiment4Metamer_ResponseGroup1.m,2,9,2,8,19,p,0,
0.69187,Experiment4Metamer_ResponseGroup1.m,2,12,1,17,19,p,0,
0.6613,Experiment4Metamer_ResponseGroup1.m,1,9,1,1,20,q,0,
0.81097,Experiment4Metamer_ResponseGroup1.m,1,15,1,1,20,q,0,
0.77027,Experiment4Metamer_ResponseGroup1.m,1,9,1,9,20,q,0,
0.93149,Experiment4Metamer_ResponseGroup1.m,1,16,2,16,20,q,0,
0.71869,Experiment4Metamer_ResponseGroup1.m,2,8,1,15,19,p,0,
0.62213,Experiment4Metamer_ResponseGroup1.m,2,19,1,16,19,p,0,
0.73144,Experiment4Metamer_ResponseGroup1.m,2,14,1,2,19,p,0,
1.1559,Experiment4Metamer_ResponseGroup1.m,1,12,1,5,20,q,0,
0.81868,Experiment4Metamer_ResponseGroup1.m,1,8,2,1,20,q,0,
0.70133,Experiment4Metamer_ResponseGroup1.m,2,1,1,3,19,p,0,
0.77184,Experiment4Metamer_ResponseGroup1.m,1,4,1,20,20,q,0,
0.71157,Experiment4Metamer_ResponseGroup1.m,2,15,1,11,19,p,0,
0.66955,Experiment4Metamer_ResponseGroup1.m,1,11,1,11,20,q,0,
0.57562,Experiment4Metamer_ResponseGroup1.m,1,4,1,14,20,q,0,
0.71108,Experiment4Metamer_ResponseGroup1.m,2,18,1,5,19,p,0,
0.76365,Experiment4Metamer_ResponseGroup1.m,2,17,1,19,19,p,0,
0.69113,Experiment4Metamer_ResponseGroup1.m,2,17,1,3,19,p,0,
0.54458,Experiment4Metamer_ResponseGroup1.m,2,12,2,3,19,p,0,
0.66061,Experiment4Metamer_ResponseGroup1.m,1,5,1,3,20,q,0,
0.94837,Experiment4Metamer_ResponseGroup1.m,1,8,2,8,20,q,0,
1.366,Experiment4Metamer_ResponseGroup1.m,2,11,2,4,19,p,0,
0.67874,Experiment4Metamer_ResponseGroup1.m,1,4,1,13,20,q,0,
0.5089,Experiment4Metamer_ResponseGroup1.m,1,18,2,9,20,q,0,
0.58796,Experiment4Metamer_ResponseGroup1.m,2,16,2,18,19,p,0,
0.65289,Experiment4Metamer_ResponseGroup1.m,1,3,2,15,20,q,0,
0.70127,Experiment4Metamer_ResponseGroup1.m,2,6,2,18,19,p,0,
0.66909,Experiment4Metamer_ResponseGroup1.m,2,14,1,6,19,p,0,
0.64985,Experiment4Metamer_ResponseGroup1.m,1,13,1,14,19,p,1,
0.66501,Experiment4Metamer_ResponseGroup1.m,1,9,1,1,20,q,0,
0.79054,Experiment4Metamer_ResponseGroup1.m,2,13,1,13,19,p,0,
0.65269,Experiment4Metamer_ResponseGroup1.m,2,17,1,10,19,p,0,
0.84721,Experiment4Metamer_ResponseGroup1.m,2,12,2,2,19,p,0,
0.56905,Experiment4Metamer_ResponseGroup1.m,2,11,2,7,19,p,0,
1.8203,Experiment4Metamer_ResponseGroup1.m,2,2,2,10,19,p,0,
0.59138,Experiment4Metamer_ResponseGroup1.m,1,12,2,19,20,q,0,
0.71843,Experiment4Metamer_ResponseGroup1.m,2,20,1,6,19,p,0,
0.80106,Experiment4Metamer_ResponseGroup1.m,1,13,1,18,20,q,0,
0.66644,Experiment4Metamer_ResponseGroup1.m,2,19,1,17,19,p,0,
0.76569,Experiment4Metamer_ResponseGroup1.m,1,4,1,15,20,q,0,
0.71768,Experiment4Metamer_ResponseGroup1.m,2,4,1,4,19,p,0,
0.61926,Experiment4Metamer_ResponseGroup1.m,2,8,1,9,19,p,0,
0.71907,Experiment4Metamer_ResponseGroup1.m,2,4,2,17,19,p,0,
0.84981,Experiment4Metamer_ResponseGroup1.m,1,16,2,19,20,q,0,
0.53696,Experiment4Metamer_ResponseGroup1.m,2,14,2,16,19,p,0,
0.54646,Experiment4Metamer_ResponseGroup1.m,2,11,2,11,19,p,0,
0.74675,Experiment4Metamer_ResponseGroup1.m,2,12,2,13,19,p,0,
0.69185,Experiment4Metamer_ResponseGroup1.m,2,15,1,19,19,p,0,
0.72184,Experiment4Metamer_ResponseGroup1.m,1,12,2,14,20,q,0,
0.86276,Experiment4Metamer_ResponseGroup1.m,1,2,2,7,20,q,0,
1.9025,Experiment4Metamer_ResponseGroup1.m,1,12,2,9,20,q,0,
0.71561,Experiment4Metamer_ResponseGroup1.m,1,8,2,13,20,q,0,
0.77832,Experiment4Metamer_ResponseGroup1.m,1,3,2,19,20,q,0,
0.74248,Experiment4Metamer_ResponseGroup1.m,1,18,2,8,20,q,0,
0.63079,Experiment4Metamer_ResponseGroup1.m,1,5,2,18,20,q,0,
0.67538,Experiment4Metamer_ResponseGroup1.m,2,1,2,1,19,p,0,
0.5578,Experiment4Metamer_ResponseGroup1.m,1,14,1,19,20,q,0,
0.62546,Experiment4Metamer_ResponseGroup1.m,2,3,2,9,19,p,0,
0.80555,Experiment4Metamer_ResponseGroup1.m,1,6,2,8,19,p,1,
0.95349,Experiment4Metamer_ResponseGroup1.m,2,7,1,19,19,p,0,
0.80368,Experiment4Metamer_ResponseGroup1.m,1,16,1,7,20,q,0,
0.63847,Experiment4Metamer_ResponseGroup1.m,1,13,2,3,20,q,0,
0.79111,Experiment4Metamer_ResponseGroup1.m,2,5,1,2,19,p,0,
0.7468,Experiment4Metamer_ResponseGroup1.m,1,1,1,5,20,q,0,
1.3172,Experiment4Metamer_ResponseGroup1.m,2,7,2,12,19,p,0,
0.76384,Experiment4Metamer_ResponseGroup1.m,1,9,1,15,20,q,0,
0.57838,Experiment4Metamer_ResponseGroup1.m,1,14,1,6,20,q,0,
0.70626,Experiment4Metamer_ResponseGroup1.m,2,14,1,8,19,p,0,
0.81806,Experiment4Metamer_ResponseGroup1.m,1,14,2,14,20,q,0,
0.71119,Experiment4Metamer_ResponseGroup1.m,1,8,2,4,20,q,0,
0.71034,Experiment4Metamer_ResponseGroup1.m,2,17,2,1,19,p,0,
0.82554,Experiment4Metamer_ResponseGroup1.m,1,6,1,8,20,q,0,
0.71695,Experiment4Metamer_ResponseGroup1.m,1,3,1,6,20,q,0,
0.71294,Experiment4Metamer_ResponseGroup1.m,1,19,2,2,20,q,0,
0.64055,Experiment4Metamer_ResponseGroup1.m,1,17,1,10,20,q,0,
0.75579,Experiment4Metamer_ResponseGroup1.m,2,5,2,1,19,p,0,
0.72413,Experiment4Metamer_ResponseGroup1.m,2,4,2,17,19,p,0,
1.0542,Experiment4Metamer_ResponseGroup1.m,1,10,1,8,20,q,0,
0.87552,Experiment4Metamer_ResponseGroup1.m,2,8,2,5,19,p,0,
0.51576,Experiment4Metamer_ResponseGroup1.m,1,13,2,1,20,q,0,
0.72206,Experiment4Metamer_ResponseGroup1.m,2,12,1,20,19,p,0,
0.54997,Experiment4Metamer_ResponseGroup1.m,2,1,1,8,20,q,1,
1.2023,Experiment4Metamer_ResponseGroup1.m,1,12,1,16,20,q,0,
0.54902,Experiment4Metamer_ResponseGroup1.m,1,6,1,16,20,q,0,
0.58357,Experiment4Metamer_ResponseGroup1.m,2,11,1,7,19,p,0,
0.76162,Experiment4Metamer_ResponseGroup1.m,2,14,2,4,19,p,0,
0.5849,Experiment4Metamer_ResponseGroup1.m,2,12,1,20,19,p,0,
0.61266,Experiment4Metamer_ResponseGroup1.m,2,11,2,12,19,p,0,
1.3788,Experiment4Metamer_ResponseGroup1.m,2,13,1,3,19,p,0,
1.2076,Experiment4Metamer_ResponseGroup1.m,1,18,2,14,20,q,0,
0.65192,Experiment4Metamer_ResponseGroup1.m,2,19,1,1,19,p,0,
0.55615,Experiment4Metamer_ResponseGroup1.m,2,13,2,17,19,p,0,
0.54801,Experiment4Metamer_ResponseGroup1.m,2,14,1,20,19,p,0,
1.0511,Experiment4Metamer_ResponseGroup1.m,1,10,1,19,20,q,0,
0.87021,Experiment4Metamer_ResponseGroup1.m,2,4,1,4,19,p,0,
0.63872,Experiment4Metamer_ResponseGroup1.m,1,14,2,11,20,q,0,
0.7416,Experiment4Metamer_ResponseGroup1.m,2,5,2,18,19,p,0,
0.69194,Experiment4Metamer_ResponseGroup1.m,2,7,2,6,19,p,0,
0.58726,Experiment4Metamer_ResponseGroup1.m,2,19,2,5,19,p,0,
0.68488,Experiment4Metamer_ResponseGroup1.m,1,10,1,19,20,q,0,
0.67066,Experiment4Metamer_ResponseGroup1.m,1,15,1,10,20,q,0,
0.63917,Experiment4Metamer_ResponseGroup1.m,2,12,1,16,19,p,0,
0.62762,Experiment4Metamer_ResponseGroup1.m,2,9,1,13,20,q,1,
0.67802,Experiment4Metamer_ResponseGroup1.m,2,17,1,19,19,p,0,
0.62932,Experiment4Metamer_ResponseGroup1.m,1,1,2,11,20,q,0,
0.65769,Experiment4Metamer_ResponseGroup1.m,1,6,1,16,20,q,0,
0.7889,Experiment4Metamer_ResponseGroup1.m,2,12,1,16,19,p,0,
0.75012,Experiment4Metamer_ResponseGroup1.m,2,15,2,20,19,p,0,
1.6662,Experiment4Metamer_ResponseGroup1.m,2,18,1,11,19,p,0,
0.78744,Experiment4Metamer_ResponseGroup1.m,2,15,2,16,19,p,0,
0.61778,Experiment4Metamer_ResponseGroup1.m,1,20,1,13,20,q,0,
0.67549,Experiment4Metamer_ResponseGroup1.m,1,3,1,11,20,q,0,
0.59157,Experiment4Metamer_ResponseGroup1.m,1,2,2,9,20,q,0,
0.71195,Experiment4Metamer_ResponseGroup1.m,2,15,1,6,19,p,0,
0.97697,Experiment4Metamer_ResponseGroup1.m,2,19,2,15,19,p,0,
0.67026,Experiment4Metamer_ResponseGroup1.m,2,15,1,7,19,p,0,
0.62974,Experiment4Metamer_ResponseGroup1.m,1,16,2,20,19,p,1,
0.80719,Experiment4Metamer_ResponseGroup1.m,2,1,1,13,19,p,0,
1.0188,Experiment4Metamer_ResponseGroup1.m,2,4,2,16,19,p,0,
0.89046,Experiment4Metamer_ResponseGroup1.m,1,14,2,11,20,q,0,
0.68127,Experiment4Metamer_ResponseGroup1.m,1,17,1,1,20,q,0,
0.71644,Experiment4Metamer_ResponseGroup1.m,1,19,1,2,20,q,0,
0.70593,Experiment4Metamer_ResponseGroup1.m,2,1,1,15,19,p,0,
0.65722,Experiment4Metamer_ResponseGroup1.m,2,20,2,7,19,p,0,
0.78352,Experiment4Metamer_ResponseGroup1.m,1,5,1,15,20,q,0,
0.77552,Experiment4Metamer_ResponseGroup1.m,2,18,1,12,19,p,0,
0.76351,Experiment4Metamer_ResponseGroup1.m,2,4,1,11,19,p,0,
0.77709,Experiment4Metamer_ResponseGroup1.m,1,18,1,12,19,p,1,
888,Experiment4Metamer_ResponseGroup1.m,2,12,2,3,888,888,888,
0.85081,Experiment4Metamer_ResponseGroup1.m,2,19,1,17,19,p,0,
0.69581,Experiment4Metamer_ResponseGroup1.m,2,10,1,16,19,p,0,
0.68026,Experiment4Metamer_ResponseGroup1.m,2,2,2,13,19,p,0,
0.65937,Experiment4Metamer_ResponseGroup1.m,2,7,1,14,19,p,0,
0.74059,Experiment4Metamer_ResponseGroup1.m,1,10,1,6,20,q,0,
0.71158,Experiment4Metamer_ResponseGroup1.m,2,7,1,8,19,p,0,
0.89008,Experiment4Metamer_ResponseGroup1.m,1,12,1,9,20,q,0,
0.6196,Experiment4Metamer_ResponseGroup1.m,1,18,1,3,20,q,0,
0.72512,Experiment4Metamer_ResponseGroup1.m,1,13,1,16,20,q,0,
0.73117,Experiment4Metamer_ResponseGroup1.m,2,5,1,1,19,p,0,
0.62031,Experiment4Metamer_ResponseGroup1.m,2,6,2,2,19,p,0,
0.79707,Experiment4Metamer_ResponseGroup1.m,1,5,1,19,20,q,0,
0.81393,Experiment4Metamer_ResponseGroup1.m,1,19,2,1,20,q,0,
0.82225,Experiment4Metamer_ResponseGroup1.m,1,4,1,15,20,q,0,
1.0504,Experiment4Metamer_ResponseGroup1.m,2,6,1,7,19,p,0,
0.51318,Experiment4Metamer_ResponseGroup1.m,2,20,2,17,19,p,0,
0.64787,Experiment4Metamer_ResponseGroup1.m,1,14,2,12,20,q,0,
0.92613,Experiment4Metamer_ResponseGroup1.m,1,2,2,8,20,q,0,
0.70235,Experiment4Metamer_ResponseGroup1.m,1,3,2,18,20,q,0,
0.7014,Experiment4Metamer_ResponseGroup1.m,1,9,2,18,20,q,0,
0.56268,Experiment4Metamer_ResponseGroup1.m,1,4,1,19,20,q,0,
0.54082,Experiment4Metamer_ResponseGroup1.m,1,8,1,3,20,q,0,
0.763,Experiment4Metamer_ResponseGroup1.m,1,4,2,10,20,q,0,
0.60643,Experiment4Metamer_ResponseGroup1.m,1,8,1,17,20,q,0,
0.66979,Experiment4Metamer_ResponseGroup1.m,2,3,1,5,19,p,0,
0.6642,Experiment4Metamer_ResponseGroup1.m,1,4,1,10,20,q,0,
0.71732,Experiment4Metamer_ResponseGroup1.m,1,4,1,2,20,q,0,
0.75366,Experiment4Metamer_ResponseGroup1.m,2,12,2,12,19,p,0,
1.0787,Experiment4Metamer_ResponseGroup1.m,1,17,1,8,20,q,0,
0.81129,Experiment4Metamer_ResponseGroup1.m,2,15,1,2,19,p,0,
0.83132,Experiment4Metamer_ResponseGroup1.m,2,16,1,20,19,p,0,
0.70738,Experiment4Metamer_ResponseGroup1.m,2,3,1,9,19,p,0,
0.61255,Experiment4Metamer_ResponseGroup1.m,1,13,2,9,20,q,0,
0.81519,Experiment4Metamer_ResponseGroup1.m,1,3,1,13,20,q,0,
0.63838,Experiment4Metamer_ResponseGroup1.m,1,15,1,6,20,q,0,
0.68393,Experiment4Metamer_ResponseGroup1.m,1,10,2,16,20,q,0,
0.8495,Experiment4Metamer_ResponseGroup1.m,2,14,1,14,19,p,0,
1.3193,Experiment4Metamer_ResponseGroup1.m,1,8,1,15,20,q,0,
0.67972,Experiment4Metamer_ResponseGroup1.m,1,9,1,4,20,q,0,
0.68329,Experiment4Metamer_ResponseGroup1.m,2,1,1,2,19,p,0,
0.61431,Experiment4Metamer_ResponseGroup1.m,1,4,1,9,20,q,0,
0.73566,Experiment4Metamer_ResponseGroup1.m,2,5,1,7,19,p,0,
0.5481,Experiment4Metamer_ResponseGroup1.m,2,3,2,8,19,p,0,
0.79853,Experiment4Metamer_ResponseGroup1.m,2,10,1,13,19,p,0,
0.73612,Experiment4Metamer_ResponseGroup1.m,1,19,1,11,20,q,0,
0.59788,Experiment4Metamer_ResponseGroup1.m,1,3,2,12,20,q,0,
0.53943,Experiment4Metamer_ResponseGroup1.m,2,11,1,10,19,p,0,
0.47427,Experiment4Metamer_ResponseGroup1.m,2,11,1,15,19,p,0,
0.6289,Experiment4Metamer_ResponseGroup1.m,2,18,1,12,19,p,0,
0.67715,Experiment4Metamer_ResponseGroup1.m,1,18,2,15,20,q,0,
0.47502,Experiment4Metamer_ResponseGroup1.m,1,2,1,5,19,p,1,
0.5568,Experiment4Metamer_ResponseGroup1.m,1,5,1,5,20,q,0,
0.68128,Experiment4Metamer_ResponseGroup1.m,2,3,2,20,19,p,0,
0.7131,Experiment4Metamer_ResponseGroup1.m,2,12,2,15,19,p,0,
0.44973,Experiment4Metamer_ResponseGroup1.m,1,16,1,3,19,p,1,
0.64525,Experiment4Metamer_ResponseGroup1.m,2,5,2,5,19,p,0,
0.55911,Experiment4Metamer_ResponseGroup1.m,1,17,2,14,20,q,0,
0.60936,Experiment4Metamer_ResponseGroup1.m,2,19,2,14,19,p,0,
0.5726,Experiment4Metamer_ResponseGroup1.m,1,13,2,6,20,q,0,
0.61896,Experiment4Metamer_ResponseGroup1.m,1,17,1,3,20,q,0,
0.59416,Experiment4Metamer_ResponseGroup1.m,2,9,2,14,19,p,0,
0.66348,Experiment4Metamer_ResponseGroup1.m,1,2,2,5,20,q,0,
0.67942,Experiment4Metamer_ResponseGroup1.m,2,18,2,13,19,p,0,
0.94502,Experiment4Metamer_ResponseGroup1.m,2,1,2,1,19,p,0,
0.67434,Experiment4Metamer_ResponseGroup1.m,1,19,2,13,20,q,0,
0.88525,Experiment4Metamer_ResponseGroup1.m,2,15,2,14,19,p,0,
0.72813,Experiment4Metamer_ResponseGroup1.m,2,18,2,7,19,p,0,
0.61343,Experiment4Metamer_ResponseGroup1.m,1,6,2,2,20,q,0,
0.50594,Experiment4Metamer_ResponseGroup1.m,1,8,2,5,20,q,0,
0.5951,Experiment4Metamer_ResponseGroup1.m,1,17,1,2,20,q,0,
0.67983,Experiment4Metamer_ResponseGroup1.m,2,7,1,11,19,p,0,
0.67615,Experiment4Metamer_ResponseGroup1.m,2,19,2,15,19,p,0,
0.64095,Experiment4Metamer_ResponseGroup1.m,2,18,1,19,19,p,0,
0.63809,Experiment4Metamer_ResponseGroup1.m,1,2,1,7,20,q,0,
0.53379,Experiment4Metamer_ResponseGroup1.m,2,12,1,5,19,p,0,
0.75273,Experiment4Metamer_ResponseGroup1.m,1,1,1,12,20,q,0,
0.55544,Experiment4Metamer_ResponseGroup1.m,2,19,1,10,19,p,0,
0.66813,Experiment4Metamer_ResponseGroup1.m,1,4,2,14,20,q,0,
0.66591,Experiment4Metamer_ResponseGroup1.m,1,16,2,12,20,q,0,
1.0673,Experiment4Metamer_ResponseGroup1.m,2,5,2,18,19,p,0,
0.62801,Experiment4Metamer_ResponseGroup1.m,2,9,2,14,19,p,0,
0.63487,Experiment4Metamer_ResponseGroup1.m,1,1,1,16,20,q,0,
1.528,Experiment4Metamer_ResponseGroup1.m,1,12,2,20,19,p,1,
0.67743,Experiment4Metamer_ResponseGroup1.m,2,11,2,14,19,p,0,
0.62385,Experiment4Metamer_ResponseGroup1.m,2,9,1,3,19,p,0,
0.72785,Experiment4Metamer_ResponseGroup1.m,2,18,1,7,19,p,0,
0.53976,Experiment4Metamer_ResponseGroup1.m,1,4,2,9,20,q,0,
0.66714,Experiment4Metamer_ResponseGroup1.m,2,8,2,19,19,p,0,
0.48213,Experiment4Metamer_ResponseGroup1.m,2,7,1,18,19,p,0,
0.51147,Experiment4Metamer_ResponseGroup1.m,2,8,1,8,19,p,0,
0.71941,Experiment4Metamer_ResponseGroup1.m,1,9,1,7,20,q,0,
0.58205,Experiment4Metamer_ResponseGroup1.m,1,12,2,18,20,q,0,
0.54199,Experiment4Metamer_ResponseGroup1.m,1,4,1,10,20,q,0,
0.64545,Experiment4Metamer_ResponseGroup1.m,2,1,2,19,19,p,0,
0.67477,Experiment4Metamer_ResponseGroup1.m,2,14,2,10,19,p,0,
0.53443,Experiment4Metamer_ResponseGroup1.m,1,8,2,17,20,q,0,
0.66853,Experiment4Metamer_ResponseGroup1.m,1,8,1,14,20,q,0,
0.71734,Experiment4Metamer_ResponseGroup1.m,1,15,2,3,20,q,0,
0.69444,Experiment4Metamer_ResponseGroup1.m,1,3,1,7,20,q,0,
0.64423,Experiment4Metamer_ResponseGroup1.m,1,6,2,1,20,q,0,
0.61382,Experiment4Metamer_ResponseGroup1.m,1,10,1,8,20,q,0,
0.73746,Experiment4Metamer_ResponseGroup1.m,2,12,2,20,19,p,0,
0.62497,Experiment4Metamer_ResponseGroup1.m,1,8,1,8,20,q,0,
0.70831,Experiment4Metamer_ResponseGroup1.m,2,4,2,1,19,p,0,
0.62124,Experiment4Metamer_ResponseGroup1.m,1,2,1,10,20,q,0,
0.67524,Experiment4Metamer_ResponseGroup1.m,1,17,1,13,20,q,0,
0.61988,Experiment4Metamer_ResponseGroup1.m,1,16,1,14,20,q,0,
0.56625,Experiment4Metamer_ResponseGroup1.m,1,5,2,8,20,q,0,
0.80645,Experiment4Metamer_ResponseGroup1.m,1,2,1,17,20,q,0,
0.69345,Experiment4Metamer_ResponseGroup1.m,2,9,2,8,19,p,0,
0.95366,Experiment4Metamer_ResponseGroup1.m,1,9,1,20,20,q,0,
0.57952,Experiment4Metamer_ResponseGroup1.m,1,2,2,15,20,q,0,
0.56375,Experiment4Metamer_ResponseGroup1.m,2,18,1,1,20,q,1,
0.75779,Experiment4Metamer_ResponseGroup1.m,2,6,2,3,19,p,0,
0.74101,Experiment4Metamer_ResponseGroup1.m,1,12,1,10,20,q,0,
0.60279,Experiment4Metamer_ResponseGroup1.m,1,3,2,2,20,q,0,
0.61699,Experiment4Metamer_ResponseGroup1.m,2,15,2,2,19,p,0,
0.67791,Experiment4Metamer_ResponseGroup1.m,2,4,1,14,19,p,0,
0.54441,Experiment4Metamer_ResponseGroup1.m,1,18,2,13,19,p,1,
0.85915,Experiment4Metamer_ResponseGroup1.m,2,13,1,5,19,p,0,
0.68071,Experiment4Metamer_ResponseGroup1.m,2,18,2,9,19,p,0,
0.63592,Experiment4Metamer_ResponseGroup1.m,2,1,1,11,19,p,0,
0.56641,Experiment4Metamer_ResponseGroup1.m,1,2,1,16,19,p,1,
0.60727,Experiment4Metamer_ResponseGroup1.m,1,18,2,5,20,q,0,
0.65335,Experiment4Metamer_ResponseGroup1.m,1,12,1,11,20,q,0,
0.62899,Experiment4Metamer_ResponseGroup1.m,2,9,2,6,19,p,0,
0.53513,Experiment4Metamer_ResponseGroup1.m,1,8,1,17,20,q,0,
0.53429,Experiment4Metamer_ResponseGroup1.m,1,15,2,20,20,q,0,
0.62731,Experiment4Metamer_ResponseGroup1.m,1,8,2,9,20,q,0,
0.6899,Experiment4Metamer_ResponseGroup1.m,2,13,2,3,19,p,0,
0.5743,Experiment4Metamer_ResponseGroup1.m,2,9,1,10,19,p,0,
0.66723,Experiment4Metamer_ResponseGroup1.m,1,19,1,4,20,q,0,
0.59187,Experiment4Metamer_ResponseGroup1.m,1,8,1,5,20,q,0,
0.97192,Experiment4Metamer_ResponseGroup1.m,1,11,2,17,20,q,0,
0.74045,Experiment4Metamer_ResponseGroup1.m,2,2,2,2,19,p,0,
0.72733,Experiment4Metamer_ResponseGroup1.m,1,20,2,4,20,q,0,
0.9636,Experiment4Metamer_ResponseGroup1.m,2,6,2,4,19,p,0,
0.57862,Experiment4Metamer_ResponseGroup1.m,1,20,1,8,20,q,0,
0.63398,Experiment4Metamer_ResponseGroup1.m,1,3,2,4,20,q,0,
0.63218,Experiment4Metamer_ResponseGroup1.m,2,1,1,9,19,p,0,
0.56752,Experiment4Metamer_ResponseGroup1.m,1,12,2,16,20,q,0,
888,Experiment4Metamer_ResponseGroup1.m,1,13,1,7,888,888,888,
0.74019,Experiment4Metamer_ResponseGroup1.m,2,20,1,16,19,p,0,
0.66783,Experiment4Metamer_ResponseGroup1.m,1,9,1,3,20,q,0,
0.68951,Experiment4Metamer_ResponseGroup1.m,1,7,2,2,20,q,0,
0.65302,Experiment4Metamer_ResponseGroup1.m,2,10,1,9,19,p,0,
0.91665,Experiment4Metamer_ResponseGroup1.m,2,10,1,13,19,p,0,
0.6744,Experiment4Metamer_ResponseGroup1.m,2,2,1,9,19,p,0,
0.64534,Experiment4Metamer_ResponseGroup1.m,2,3,1,1,19,p,0,
0.59222,Experiment4Metamer_ResponseGroup1.m,1,10,1,14,20,q,0,
0.66217,Experiment4Metamer_ResponseGroup1.m,1,19,2,16,20,q,0,
0.62332,Experiment4Metamer_ResponseGroup1.m,2,4,1,4,19,p,0,
0.6281,Experiment4Metamer_ResponseGroup1.m,2,13,1,8,19,p,0,
0.68286,Experiment4Metamer_ResponseGroup1.m,1,2,2,1,19,p,1,
0.71146,Experiment4Metamer_ResponseGroup1.m,1,4,1,6,20,q,0,
0.64689,Experiment4Metamer_ResponseGroup1.m,2,3,1,9,19,p,0,
0.84337,Experiment4Metamer_ResponseGroup1.m,2,15,2,14,19,p,0,
0.78855,Experiment4Metamer_ResponseGroup1.m,1,9,1,7,20,q,0,
0.9771,Experiment4Metamer_ResponseGroup1.m,2,7,2,17,19,p,0,
0.62549,Experiment4Metamer_ResponseGroup1.m,1,13,2,18,20,q,0,
0.76386,Experiment4Metamer_ResponseGroup1.m,2,19,1,11,19,p,0,
0.66709,Experiment4Metamer_ResponseGroup1.m,2,20,1,6,19,p,0,
0.58724,Experiment4Metamer_ResponseGroup1.m,2,16,1,20,19,p,0,
0.7115,Experiment4Metamer_ResponseGroup1.m,1,9,2,9,20,q,0,
0.56754,Experiment4Metamer_ResponseGroup1.m,2,11,2,13,19,p,0,
0.51766,Experiment4Metamer_ResponseGroup1.m,2,19,1,6,19,p,0,
0.68239,Experiment4Metamer_ResponseGroup1.m,1,16,1,4,20,q,0,
0.83652,Experiment4Metamer_ResponseGroup1.m,1,17,1,14,20,q,0,
0.5905,Experiment4Metamer_ResponseGroup1.m,1,13,1,18,20,q,0,
0.68058,Experiment4Metamer_ResponseGroup1.m,1,18,2,13,20,q,0,
1.0204,Experiment4Metamer_ResponseGroup1.m,2,2,1,8,20,q,1,
0.7275,Experiment4Metamer_ResponseGroup1.m,2,1,1,4,19,p,0,
1.0396,Experiment4Metamer_ResponseGroup1.m,1,1,1,19,20,q,0,
0.89184,Experiment4Metamer_ResponseGroup1.m,2,3,2,7,19,p,0,
0.53884,Experiment4Metamer_ResponseGroup1.m,2,1,2,8,19,p,0,
0.56214,Experiment4Metamer_ResponseGroup1.m,1,13,1,8,20,q,0,
0.86543,Experiment4Metamer_ResponseGroup1.m,2,5,2,1,19,p,0,
0.44487,Experiment4Metamer_ResponseGroup1.m,1,9,2,18,19,p,1,
0.59477,Experiment4Metamer_ResponseGroup1.m,2,10,1,12,19,p,0,
0.60756,Experiment4Metamer_ResponseGroup1.m,2,20,2,4,19,p,0,
0.92914,Experiment4Metamer_ResponseGroup1.m,1,10,2,19,20,q,0,
0.6641,Experiment4Metamer_ResponseGroup1.m,2,16,1,19,19,p,0,
0.81556,Experiment4Metamer_ResponseGroup1.m,2,4,2,1,19,p,0,
0.79132,Experiment4Metamer_ResponseGroup1.m,1,18,1,18,20,q,0,
0.84713,Experiment4Metamer_ResponseGroup1.m,2,16,2,10,19,p,0,
0.52211,Experiment4Metamer_ResponseGroup1.m,1,3,2,12,19,p,1,
0.64027,Experiment4Metamer_ResponseGroup1.m,2,11,2,12,19,p,0,
0.69061,Experiment4Metamer_ResponseGroup1.m,1,4,1,17,20,q,0,
1.894,Experiment4Metamer_ResponseGroup1.m,2,8,1,1,19,p,0,
0.98766,Experiment4Metamer_ResponseGroup1.m,1,14,1,13,20,q,0,
0.62466,Experiment4Metamer_ResponseGroup1.m,1,6,2,4,20,q,0,
0.66731,Experiment4Metamer_ResponseGroup1.m,2,18,2,15,19,p,0,
0.71609,Experiment4Metamer_ResponseGroup1.m,2,14,1,15,19,p,0,
0.5652,Experiment4Metamer_ResponseGroup1.m,2,7,2,16,19,p,0,
0.63055,Experiment4Metamer_ResponseGroup1.m,1,16,2,17,20,q,0,
0.64853,Experiment4Metamer_ResponseGroup1.m,1,20,2,16,20,q,0,
888,Experiment4Metamer_ResponseGroup1.m,1,6,1,2,888,888,888,
0.62323,Experiment4Metamer_ResponseGroup1.m,1,5,2,14,20,q,0,
0.69343,Experiment4Metamer_ResponseGroup1.m,1,15,1,7,20,q,0,
0.91078,Experiment4Metamer_ResponseGroup1.m,2,5,1,19,19,p,0,
0.55614,Experiment4Metamer_ResponseGroup1.m,1,20,1,2,20,q,0,
1.2048,Experiment4Metamer_ResponseGroup1.m,2,8,1,7,19,p,0,
0.53062,Experiment4Metamer_ResponseGroup1.m,2,16,1,12,19,p,0,
0.52684,Experiment4Metamer_ResponseGroup1.m,2,17,1,16,19,p,0,
0.62321,Experiment4Metamer_ResponseGroup1.m,1,2,2,6,20,q,0,
0.83502,Experiment4Metamer_ResponseGroup1.m,1,20,1,16,20,q,0,
0.74319,Experiment4Metamer_ResponseGroup1.m,1,1,1,14,20,q,0,
888,Experiment4Metamer_ResponseGroup1.m,2,16,1,17,888,888,888,
0.80952,Experiment4Metamer_ResponseGroup1.m,2,20,1,18,19,p,0,
0.65096,Experiment4Metamer_ResponseGroup1.m,2,1,2,17,19,p,0,
0.67397,Experiment4Metamer_ResponseGroup1.m,2,6,2,9,19,p,0,
0.80379,Experiment4Metamer_ResponseGroup1.m,2,2,1,15,19,p,0,
0.81434,Experiment4Metamer_ResponseGroup1.m,2,5,1,18,19,p,0,
0.88792,Experiment4Metamer_ResponseGroup1.m,2,6,1,15,19,p,0,
0.55861,Experiment4Metamer_ResponseGroup1.m,2,11,2,12,19,p,0,
1.6417,Experiment4Metamer_ResponseGroup1.m,2,7,2,8,19,p,0,
0.66448,Experiment4Metamer_ResponseGroup1.m,1,12,1,16,20,q,0,
0.83374,Experiment4Metamer_ResponseGroup1.m,1,7,2,15,20,q,0,
0.47156,Experiment4Metamer_ResponseGroup1.m,2,13,2,15,20,q,1,
0.71014,Experiment4Metamer_ResponseGroup1.m,1,12,2,13,20,q,0,
0.67155,Experiment4Metamer_ResponseGroup1.m,2,10,2,7,19,p,0,
1.4164,Experiment4Metamer_ResponseGroup1.m,1,13,2,10,20,q,0,
0.7085,Experiment4Metamer_ResponseGroup1.m,1,2,2,10,20,q,0,
0.69735,Experiment4Metamer_ResponseGroup1.m,2,18,2,13,19,p,0,
0.71483,Experiment4Metamer_ResponseGroup1.m,2,19,2,15,19,p,0,
0.64159,Experiment4Metamer_ResponseGroup1.m,1,1,2,15,20,q,0,
0.63453,Experiment4Metamer_ResponseGroup1.m,1,2,2,11,20,q,0,
0.99822,Experiment4Metamer_ResponseGroup1.m,1,19,1,1,20,q,0,
888,Experiment4Metamer_ResponseGroup1.m,2,8,2,2,888,888,888,
0.59301,Experiment4Metamer_ResponseGroup1.m,1,18,1,11,20,q,0,
0.57998,Experiment4Metamer_ResponseGroup1.m,1,6,2,4,20,q,0,
0.6331,Experiment4Metamer_ResponseGroup1.m,1,16,1,15,20,q,0,
1.3508,Experiment4Metamer_ResponseGroup1.m,2,3,1,14,19,p,0,
0.7079,Experiment4Metamer_ResponseGroup1.m,2,17,1,14,20,q,1,
0.65501,Experiment4Metamer_ResponseGroup1.m,1,20,2,20,20,q,0,
0.7241,Experiment4Metamer_ResponseGroup1.m,1,15,1,12,20,q,0,
0.62792,Experiment4Metamer_ResponseGroup1.m,1,2,2,1,20,q,0,
0.8069,Experiment4Metamer_ResponseGroup1.m,2,2,2,7,19,p,0,
0.70677,Experiment4Metamer_ResponseGroup1.m,2,1,2,4,19,p,0,
0.77523,Experiment4Metamer_ResponseGroup1.m,1,9,2,1,20,q,0,
0.59053,Experiment4Metamer_ResponseGroup1.m,2,3,1,2,19,p,0,
0.77925,Experiment4Metamer_ResponseGroup1.m,1,9,2,19,20,q,0,
0.55798,Experiment4Metamer_ResponseGroup1.m,2,7,2,13,19,p,0,
0.57386,Experiment4Metamer_ResponseGroup1.m,1,11,2,11,20,q,0,
0.56862,Experiment4Metamer_ResponseGroup1.m,2,16,2,5,19,p,0,
0.52432,Experiment4Metamer_ResponseGroup1.m,2,17,2,11,19,p,0,
0.64023,Experiment4Metamer_ResponseGroup1.m,2,12,2,1,19,p,0,
0.7313,Experiment4Metamer_ResponseGroup1.m,1,11,2,12,20,q,0,
0.75436,Experiment4Metamer_ResponseGroup1.m,2,6,1,4,19,p,0,
0.55366,Experiment4Metamer_ResponseGroup1.m,2,4,1,14,19,p,0,
0.59905,Experiment4Metamer_ResponseGroup1.m,1,1,2,10,20,q,0,
0.66849,Experiment4Metamer_ResponseGroup1.m,1,7,2,15,20,q,0,
0.65558,Experiment4Metamer_ResponseGroup1.m,1,11,1,14,20,q,0,
0.64335,Experiment4Metamer_ResponseGroup1.m,2,16,1,12,19,p,0,
0.70821,Experiment4Metamer_ResponseGroup1.m,1,3,2,12,20,q,0,
0.7136,Experiment4Metamer_ResponseGroup1.m,1,15,1,2,20,q,0,
0.81465,Experiment4Metamer_ResponseGroup1.m,2,20,1,4,19,p,0,
0.54803,Experiment4Metamer_ResponseGroup1.m,1,15,2,2,20,q,0,
0.60252,Experiment4Metamer_ResponseGroup1.m,1,8,2,19,20,q,0,
0.7713,Experiment4Metamer_ResponseGroup1.m,2,5,2,12,19,p,0,
0.67334,Experiment4Metamer_ResponseGroup1.m,1,1,1,19,20,q,0,
0.65295,Experiment4Metamer_ResponseGroup1.m,2,13,2,9,19,p,0,
0.62526,Experiment4Metamer_ResponseGroup1.m,2,19,2,10,19,p,0,
0.60605,Experiment4Metamer_ResponseGroup1.m,2,20,2,16,19,p,0,
0.65786,Experiment4Metamer_ResponseGroup1.m,1,14,2,17,20,q,0,
0.57496,Experiment4Metamer_ResponseGroup1.m,1,6,1,17,20,q,0,
0.5324,Experiment4Metamer_ResponseGroup1.m,2,18,1,16,19,p,0,
0.64339,Experiment4Metamer_ResponseGroup1.m,2,19,2,10,19,p,0,
0.55801,Experiment4Metamer_ResponseGroup1.m,2,11,2,17,19,p,0,
0.71306,Experiment4Metamer_ResponseGroup1.m,2,4,2,6,19,p,0,
0.59548,Experiment4Metamer_ResponseGroup1.m,1,12,2,5,20,q,0,
0.6198,Experiment4Metamer_ResponseGroup1.m,2,5,1,14,19,p,0,
0.6565,Experiment4Metamer_ResponseGroup1.m,2,18,2,6,19,p,0,
0.57421,Experiment4Metamer_ResponseGroup1.m,2,20,1,7,19,p,0,
0.48898,Experiment4Metamer_ResponseGroup1.m,2,8,2,8,19,p,0,
0.83185,Experiment4Metamer_ResponseGroup1.m,1,20,2,2,20,q,0,
1.9925,Experiment4Metamer_ResponseGroup1.m,2,1,2,3,19,p,0,
1.8764,Experiment4Metamer_ResponseGroup1.m,2,2,2,18,19,p,0,
0.58567,Experiment4Metamer_ResponseGroup1.m,1,20,1,10,20,q,0,
0.71933,Experiment4Metamer_ResponseGroup1.m,2,8,1,11,19,p,0,
0.61185,Experiment4Metamer_ResponseGroup1.m,1,5,2,16,20,q,0,
0.57526,Experiment4Metamer_ResponseGroup1.m,1,7,1,11,20,q,0,
0.72384,Experiment4Metamer_ResponseGroup1.m,2,2,1,1,19,p,0,
0.56882,Experiment4Metamer_ResponseGroup1.m,2,11,1,5,19,p,0,
0.42816,Experiment4Metamer_ResponseGroup1.m,2,5,1,17,19,p,0,
0.73039,Experiment4Metamer_ResponseGroup1.m,2,13,2,19,19,p,0,
0.60228,Experiment4Metamer_ResponseGroup1.m,2,4,1,3,19,p,0,
0.71898,Experiment4Metamer_ResponseGroup1.m,2,2,1,10,19,p,0,
1.0417,Experiment4Metamer_ResponseGroup1.m,1,7,2,1,20,q,0,
0.84902,Experiment4Metamer_ResponseGroup1.m,2,16,1,6,19,p,0,
0.69116,Experiment4Metamer_ResponseGroup1.m,1,3,2,5,20,q,0,
0.57695,Experiment4Metamer_ResponseGroup1.m,2,17,2,11,19,p,0,
0.64025,Experiment4Metamer_ResponseGroup1.m,1,7,2,20,20,q,0,
0.7359,Experiment4Metamer_ResponseGroup1.m,2,3,1,18,19,p,0,
0.75254,Experiment4Metamer_ResponseGroup1.m,1,14,1,9,20,q,0,
0.73725,Experiment4Metamer_ResponseGroup1.m,2,9,2,18,19,p,0,
0.69771,Experiment4Metamer_ResponseGroup1.m,2,12,2,5,19,p,0,
0.95776,Experiment4Metamer_ResponseGroup1.m,2,13,2,10,19,p,0,
0.77056,Experiment4Metamer_ResponseGroup1.m,1,4,1,1,20,q,0,
0.61553,Experiment4Metamer_ResponseGroup1.m,1,10,1,20,20,q,0,
0.70473,Experiment4Metamer_ResponseGroup1.m,2,7,2,4,19,p,0,
0.6731,Experiment4Metamer_ResponseGroup1.m,2,18,1,8,19,p,0,
0.60225,Experiment4Metamer_ResponseGroup1.m,1,7,2,11,20,q,0,
